date,bond20_03,index300
1/4/2012,99.7952,2298.753
1/5/2012,99.8045,2276.385
1/6/2012,99.8138,2290.601
1/9/2012,99.7818,2368.57
1/10/2012,99.8211,2447.349
1/11/2012,99.4004,2435.608
1/12/2012,99.5397,2435.219
1/13/2012,99.549,2394.334
1/16/2012,99.577,2345.649
1/17/2012,99.5163,2460.601
1/18/2012,99.5856,2422.189
1/19/2012,99.6049,2468.35
1/20/2012,99.6242,2504.086
1/30/2012,99.5374,2460.72
1/31/2012,99.6467,2464.26
2/1/2012,99.606,2428.994
2/2/2012,99.5653,2486.238
2/3/2012,99.4847,2506.09
2/6/2012,99.3026,2504.322
2/7/2012,99.4419,2457.954
2/8/2012,99.2312,2528.236
2/9/2012,99.0505,2529.231
2/10/2012,99.0899,2533.624
2/13/2012,99.2978,2531.981
2/14/2012,99.2671,2522.107
2/15/2012,99.1564,2549.607
2/16/2012,99.2458,2536.074
2/17/2012,99.1951,2537.086
2/20/2012,99.243,2540.706
2/21/2012,99.0923,2562.453
2/22/2012,98.8316,2597.476
2/23/2012,99.111,2606.256
2/24/2012,99.0203,2648.017
2/27/2012,98.9482,2656.573
2/28/2012,98.9475,2662.463
2/29/2012,98.9575,2634.143
3/1/2012,99.1168,2633.345
3/2/2012,99.1862,2679.934
3/5/2012,99.5041,2662.698
3/6/2012,99.8034,2621.052
3/7/2012,99.6127,2603.005
3/8/2012,99.6221,2635.791
3/9/2012,99.7414,2664.302
3/12/2012,99.8893,2654.402
3/13/2012,99.8586,2681.073
3/14/2012,99.7879,2605.106
3/15/2012,99.6273,2585.546
3/16/2012,99.5866,2623.52
3/19/2012,99.6645,2630.013
3/20/2012,99.5938,2584.445
3/21/2012,99.5532,2587.793
3/22/2012,99.4625,2583.747
3/23/2012,99.6118,2552.94
3/26/2012,99.7697,2555.442
3/27/2012,99.789,2547.143
3/28/2012,99.8684,2474.9
3/29/2012,99.9677,2443.122
3/30/2012,100.287,2454.899
4/5/2012,100.2429,2512.832
4/6/2012,100.2422,2519.83
4/9/2012,100.0101,2495.146
4/10/2012,99.8895,2519.788
4/11/2012,99.9788,2520.036
4/12/2012,99.9181,2570.436
4/13/2012,99.9174,2580.454
4/16/2012,99.9953,2574.044
4/17/2012,98.3293,2541.883
4/18/2012,98.4986,2599.908
4/19/2012,98.4779,2596.056
4/20/2012,98.5273,2626.839
4/23/2012,98.6452,2606.038
4/24/2012,98.6245,2604.866
4/25/2012,98.6038,2625.99
4/26/2012,98.5832,2631.487
4/27/2012,98.6025,2626.157
5/2/2012,98.349,2683.487
5/3/2012,98.2784,2691.518
5/4/2012,98.3177,2715.879
5/7/2012,98.3456,2717.778
5/8/2012,98.3149,2709.116
5/9/2012,98.7942,2657.514
5/10/2012,98.7336,2657.214
5/11/2012,98.8829,2636.917
5/14/2012,99.2208,2615.534
5/15/2012,99.6701,2617.374
5/16/2012,99.7795,2574.647
5/17/2012,99.7388,2613.942
5/18/2012,99.7981,2573.976
5/21/2012,99.476,2587.231
5/22/2012,99.4153,2627.525
5/23/2012,99.5947,2616.869
5/24/2012,99.634,2595.26
5/25/2012,99.9133,2573.103
5/28/2012,99.9012,2614.689
5/29/2012,99.5605,2650.854
5/30/2012,99.5999,2642.258
5/31/2012,99.6792,2632.042
6/1/2012,99.5685,2632.998
6/4/2012,99.6464,2559.026
6/5/2012,99.6958,2558.842
6/6/2012,99.7351,2557.401
6/7/2012,99.7644,2542.184
6/8/2012,100.1937,2524.329
6/11/2012,99.9716,2558.265
6/12/2012,99.931,2540.178
6/13/2012,99.7203,2580.636
6/14/2012,99.7496,2560.421
6/15/2012,99.8989,2568.054
6/18/2012,99.7468,2581.212
6/19/2012,99.7462,2558.621
6/20/2012,99.7455,2552.611
6/21/2012,99.7548,2512.185
6/25/2012,99.7521,2456.518
6/26/2012,99.8214,2454.915
6/27/2012,99.8107,2447.195
6/28/2012,99.88,2425.729
6/29/2012,99.9093,2461.612
7/2/2012,99.9773,2465.238
7/3/2012,100.0666,2468.721
7/4/2012,100.1859,2464.919
7/5/2012,100.5652,2430.37
7/6/2012,100.6845,2472.614
7/9/2012,100.7025,2416.036
7/10/2012,100.7918,2406.706
7/11/2012,100.7411,2425.572
7/12/2012,101.0104,2449.181
7/13/2012,101.0497,2450.633
7/16/2012,100.9777,2399.731
7/17/2012,100.847,2414.201
7/18/2012,100.8663,2414.335
7/19/2012,100.8256,2424.322
7/20/2012,100.8849,2398.455
7/23/2012,100.9129,2365.431
7/24/2012,100.8922,2375.992
7/25/2012,101.0315,2360.083
7/26/2012,100.9408,2347.488
7/27/2012,100.9501,2349.108
7/30/2012,101.1581,2335.793
7/31/2012,101.0874,2332.922
8/1/2012,100.9967,2358.651
8/2/2012,101.166,2334.882
8/3/2012,101.0353,2353.737
8/6/2012,100.8533,2385.611
8/7/2012,100.6826,2388.873
8/8/2012,100.7119,2389.795
8/9/2012,100.7012,2411.7
8/10/2012,100.9705,2399.751
8/13/2012,100.9985,2351.931
8/14/2012,100.8178,2357.016
8/15/2012,100.7071,2331.615
8/16/2012,100.7764,2319.67
8/17/2012,100.8458,2313.476
8/20/2012,100.8237,2301.788
8/21/2012,100.743,2313.703
8/22/2012,100.7223,2295.586
8/23/2012,100.6616,2302.199
8/24/2012,100.811,2275.677
8/27/2012,100.9789,2228.204
8/28/2012,100.6782,2238.411
8/29/2012,100.6675,2214.814
8/30/2012,100.6168,2211.37
8/31/2012,100.6762,2204.868
9/3/2012,100.6941,2228.369
9/4/2012,100.8234,2204.407
9/5/2012,100.8427,2199.875
9/6/2012,100.8321,2217.823
9/7/2012,100.8314,2317.179
9/10/2012,100.7693,2326.666
9/11/2012,100.7186,2311.89
9/12/2012,100.6779,2320.071
9/13/2012,100.6873,2298.461
9/14/2012,100.1366,2315.542
9/17/2012,99.7345,2258.705
9/18/2012,100.0038,2235.239
9/19/2012,100.0532,2246.236
9/20/2012,100.1825,2195.951
9/21/2012,100.1918,2199.063
9/24/2012,99.9297,2215.516
9/25/2012,100.259,2210.154
9/26/2012,100.4684,2184.891
9/27/2012,100.3677,2251.717
9/28/2012,100.647,2293.106
10/8/2012,100.4801,2270.054
10/9/2012,100.5895,2320.157
10/10/2012,100.5188,2324.117
10/11/2012,100.4581,2302.533
10/12/2012,100.5374,2304.531
10/15/2012,100.5353,2294.857
10/16/2012,100.5147,2298.162
10/17/2012,98.6593,2300.803
10/18/2012,98.3986,2336.077
10/19/2012,98.2479,2332.47
10/22/2012,98.4559,2341.592
10/23/2012,98.5252,2312.077
10/24/2012,98.4245,2307.779
10/25/2012,98.3938,2291.239
10/26/2012,98.3632,2247.907
10/29/2012,98.3611,2235.854
10/30/2012,98.5204,2239.882
10/31/2012,98.4297,2254.82
11/1/2012,98.449,2297.884
11/2/2012,98.4984,2306.774
11/5/2012,98.4963,2301.88
11/6/2012,98.4956,2292.206
11/7/2012,98.4749,2287.505
11/8/2012,98.5042,2245.405
11/9/2012,98.5336,2240.924
11/12/2012,98.4515,2251.848
11/13/2012,98.5508,2212.44
11/14/2012,98.6201,2223.11
11/15/2012,98.5995,2193.623
11/16/2012,98.6988,2177.24
11/19/2012,98.6767,2174.985
11/20/2012,98.716,2164.881
11/21/2012,98.6853,2194.896
11/22/2012,98.6047,2177.546
11/23/2012,98.554,2192.676
11/26/2012,98.5719,2175.599
11/27/2012,98.4112,2150.638
11/28/2012,98.3005,2129.161
11/29/2012,98.3299,2115.676
11/30/2012,98.5092,2139.661
12/3/2012,98.4371,2108.85
12/4/2012,98.4064,2131.473
12/5/2012,98.2858,2207.878
12/6/2012,98.3651,2203.602
12/7/2012,98.3044,2246.757
12/10/2012,98.3023,2271.046
12/11/2012,98.1416,2258.5
12/12/2012,98.231,2267.767
12/13/2012,98.2403,2242.635
12/14/2012,98.2496,2355.865
12/17/2012,98.2575,2366.7
12/18/2012,98.1868,2368.12
12/19/2012,97.9562,2371.109
12/20/2012,97.8555,2384.816
12/21/2012,97.9848,2372.002
12/24/2012,98.0227,2381.217
12/25/2012,97.9821,2448.395
12/26/2012,98.0714,2457.619
12/27/2012,98.1107,2444.594
12/28/2012,98.15,2480.049
12/31/2012,98.2079,2522.952
1/4/2013,98.1852,2524.409
1/7/2013,98.2732,2535.985
1/8/2013,98.3225,2525.33
1/9/2013,98.3418,2526.126
1/10/2013,98.2511,2530.569
1/11/2013,98.2104,2483.23
1/14/2013,98.1684,2577.725
1/15/2013,98.0477,2595.856
1/16/2013,97.987,2577.092
1/17/2013,97.9963,2552.758
1/18/2013,98.1156,2595.439
1/21/2013,98.1336,2610.898
1/22/2013,98.1329,2596.898
1/23/2013,98.2422,2607.456
1/24/2013,98.3815,2582.755
1/25/2013,98.4808,2571.674
1/28/2013,98.3488,2651.863
1/29/2013,98.3181,2675.866
1/30/2013,98.3074,2688.711
1/31/2013,98.3167,2686.882
2/1/2013,98.276,2743.324
2/4/2013,98.294,2748.028
2/5/2013,98.3433,2771.675
2/6/2013,98.4226,2775.844
2/7/2013,98.4419,2759.87
2/8/2013,98.6912,2771.725
2/18/2013,98.7044,2737.471
2/19/2013,98.6737,2685.606
2/20/2013,98.773,2702.635
2/21/2013,98.9023,2610.549
2/22/2013,99.0416,2596.604
2/25/2013,98.6696,2604.96
2/26/2013,98.6089,2567.595
2/27/2013,98.6682,2594.677
2/28/2013,98.6475,2673.327
3/1/2013,98.6668,2668.836
3/4/2013,98.8848,2545.715
3/5/2013,98.8241,2622.807
3/6/2013,98.7934,2650.202
3/7/2013,98.8227,2619.479
3/8/2013,98.8521,2606.927
3/11/2013,98.92,2592.372
3/12/2013,98.9193,2555.615
3/13/2013,98.8986,2527.486
3/14/2013,98.8979,2534.273
3/15/2013,98.9173,2539.873
3/18/2013,98.8552,2502.493
3/19/2013,98.7245,2525.097
3/20/2013,98.7638,2610.174
3/21/2013,98.8332,2614.988
3/22/2013,98.9025,2618.308
3/25/2013,98.9604,2613.097
3/26/2013,98.9697,2575.05
3/27/2013,98.979,2583.53
3/28/2013,99.2184,2499.302
3/29/2013,99.2277,2495.083
4/1/2013,99.6656,2493.187
4/2/2013,100.3249,2486.391
4/3/2013,100.5742,2483.547
4/8/2013,100.5208,2472.299
4/9/2013,100.4501,2489.43
4/10/2013,100.4595,2485.309
4/11/2013,100.4188,2477.876
4/12/2013,100.6381,2462.112
4/15/2013,100.796,2436.818
4/16/2013,100.9453,2459.592
4/17/2013,99.1393,2458.473
4/18/2013,98.7886,2464.851
4/19/2013,98.7279,2533.827
4/22/2013,98.4359,2530.67
4/23/2013,98.6352,2449.471
4/24/2013,98.7045,2495.579
4/25/2013,98.7138,2467.875
4/26/2013,99.0632,2447.306
5/2/2013,99.039,2449.639
5/3/2013,99.1584,2492.912
5/6/2013,99.0863,2525.983
5/7/2013,99.1856,2529.938
5/8/2013,99.0249,2542.798
5/9/2013,99.1042,2527.794
5/10/2013,99.1836,2540.836
5/13/2013,99.2515,2530.768
5/14/2013,99.2708,2493.338
5/15/2013,99.2901,2506.925
5/16/2013,99.2895,2552.709
5/17/2013,99.3388,2592.048
5/20/2013,99.2767,2609.607
5/21/2013,99.256,2614.853
5/22/2013,99.2953,2618.034
5/23/2013,99.4247,2582.849
5/24/2013,99.494,2597.228
5/27/2013,99.5319,2599.587
5/28/2013,99.5912,2644.359
5/29/2013,99.5505,2642.561
5/30/2013,99.5699,2634.323
5/31/2013,99.5792,2606.426
6/3/2013,99.5071,2602.623
6/4/2013,99.3664,2565.666
6/5/2013,99.3358,2560.539
6/6/2013,99.1551,2527.845
6/7/2013,99.1744,2484.16
6/13/2013,99.1603,2399.937
6/14/2013,99.1296,2416.771
6/17/2013,99.1975,2403.839
6/18/2013,99.1868,2418.745
6/19/2013,98.8662,2400.765
6/20/2013,98.3655,2321.466
6/21/2013,98.5148,2317.394
6/24/2013,98.0127,2171.21
6/25/2013,98.1621,2165.421
6/26/2013,98.5614,2168.297
6/27/2013,98.7707,2160.735
6/28/2013,98.8,2200.639
7/1/2013,99.2979,2213.317
7/2/2013,99.4973,2221.984
7/3/2013,99.5566,2203.828
7/4/2013,99.5959,2221.979
7/5/2013,99.5352,2226.849
7/8/2013,99.6332,2163.619
7/9/2013,99.6225,2162.669
7/10/2013,99.5818,2224.065
7/11/2013,99.4011,2326.688
7/12/2013,99.3604,2275.373
7/15/2013,99.3684,2307.297
7/16/2013,99.3377,2317.848
7/17/2013,99.047,2282.836
7/18/2013,99.0563,2245.328
7/19/2013,99.0156,2190.478
7/22/2013,98.8036,2202.189
7/23/2013,98.6929,2265.845
7/24/2013,98.3522,2249.151
7/25/2013,98.5915,2237.683
7/26/2013,98.6808,2224.008
7/29/2013,98.5888,2175.97
7/30/2013,98.6981,2189.388
7/31/2013,98.6974,2193.021
8/1/2013,98.7867,2245.364
8/2/2013,98.856,2247.263
8/5/2013,98.724,2278.329
8/6/2013,98.7433,2293.641
8/7/2013,98.5726,2280.623
8/8/2013,98.4719,2276.782
8/9/2013,98.5212,2286.01
8/12/2013,98.4892,2352.794
8/13/2013,98.3785,2359.068
8/14/2013,98.4078,2349.08
8/15/2013,98.3571,2321.576
8/16/2013,98.3064,2304.144
8/19/2013,98.3144,2331.43
8/20/2013,98.1737,2312.465
8/21/2013,98.223,2308.589
8/22/2013,98.1523,2303.932
8/23/2013,98.1616,2286.929
8/26/2013,98.1696,2335.616
8/27/2013,98.1689,2340.881
8/28/2013,98.0482,2328.056
8/29/2013,98.0075,2318.311
8/30/2013,97.9268,2313.91
9/2/2013,97.9248,2320.344
9/3/2013,97.6041,2354.502
9/4/2013,97.5134,2350.699
9/5/2013,97.5227,2341.735
9/6/2013,97.4421,2357.782
9/9/2013,97.47,2440.609
9/10/2013,97.2693,2474.894
9/11/2013,96.8486,2482.889
9/12/2013,96.4579,2507.455
9/13/2013,96.5673,2488.902
9/16/2013,96.5252,2478.39
9/17/2013,96.7445,2427.322
9/18/2013,97.1438,2432.51
9/23/2013,97.2504,2472.288
9/24/2013,97.2497,2443.885
9/25/2013,97.309,2429.03
9/26/2013,97.3784,2384.443
9/27/2013,97.3977,2394.971
9/30/2013,97.6956,2409.037
10/8/2013,97.4301,2441.811
10/9/2013,97.6395,2453.583
10/10/2013,97.5488,2429.317
10/11/2013,97.6881,2468.508
10/14/2013,97.586,2472.542
10/15/2013,97.2953,2467.517
10/16/2013,97.0147,2421.371
10/17/2013,95.1593,2413.33
10/18/2013,95.3686,2426.054
10/21/2013,95.4466,2471.322
10/22/2013,95.4359,2445.891
10/23/2013,95.3552,2418.491
10/24/2013,95.1845,2400.511
10/25/2013,95.0938,2368.559
10/28/2013,95.0818,2365.954
10/29/2013,95.0811,2372.053
10/30/2013,94.9004,2407.471
10/31/2013,94.8497,2373.718
11/1/2013,94.879,2384.96
11/4/2013,94.917,2380.454
11/5/2013,94.9463,2383.769
11/6/2013,94.8756,2353.568
11/7/2013,94.1549,2340.552
11/8/2013,93.9142,2307.945
11/11/2013,93.5122,2315.889
11/12/2013,93.5615,2340
11/13/2013,92.9208,2288.116
11/14/2013,92.1201,2304.501
11/15/2013,91.7795,2350.734
11/18/2013,91.4374,2428.903
11/19/2013,91.1167,2412.163
11/20/2013,91.076,2424.85
11/21/2013,91.7953,2409.989
11/22/2013,91.6147,2397.962
11/25/2013,91.5726,2388.629
11/26/2013,91.6619,2387.416
11/27/2013,91.8112,2414.481
11/28/2013,91.8205,2439.53
11/29/2013,92.3799,2438.944
12/2/2013,91.7478,2418.788
12/3/2013,92.1971,2442.784
12/4/2013,92.1064,2475.135
12/5/2013,91.9658,2468.197
12/6/2013,91.7451,2452.287
12/9/2013,91.773,2450.872
12/10/2013,91.6123,2453.322
12/11/2013,91.5116,2412.763
12/12/2013,91.571,2410.015
12/13/2013,91.7203,2406.639
12/16/2013,91.4782,2367.923
12/17/2013,91.2875,2356.376
12/18/2013,91.1068,2357.226
12/19/2013,90.6862,2332.41
12/20/2013,90.5755,2278.136
12/23/2013,90.5734,2284.602
12/24/2013,90.8427,2288.248
12/25/2013,90.9021,2305.11
12/26/2013,90.8314,2265.334
12/27/2013,90.7207,2303.478
12/30/2013,90.6186,2299.458
12/31/2013,90.5879,2330.026
1/2/2014,90.7866,2321.978
1/3/2014,90.6359,2290.779
1/6/2014,90.1538,2238.637
1/7/2014,90.1632,2238.001
1/8/2014,90.3725,2241.911
1/9/2014,90.6718,2222.221
1/10/2014,90.7811,2204.851
1/13/2014,90.519,2193.679
1/14/2014,90.5184,2212.846
1/15/2014,90.8977,2208.941
1/16/2014,91.217,2211.844
1/17/2014,91.2463,2178.488
1/20/2014,90.8942,2165.993
1/21/2014,91.5036,2187.41
1/22/2014,91.9829,2243.796
1/23/2014,92.4222,2231.889
1/24/2014,92.2415,2245.678
1/27/2014,92.7295,2215.919
1/28/2014,92.4788,2219.855
1/29/2014,92.7281,2227.781
1/30/2014,92.8974,2202.45
2/7/2014,92.8619,2212.483
2/10/2014,92.8699,2267.534
2/11/2014,92.9192,2285.562
2/12/2014,92.9485,2291.246
2/13/2014,92.9678,2279.554
2/14/2014,93.0671,2295.575
2/17/2014,93.1351,2311.647
2/18/2014,93.0644,2282.442
2/19/2014,93.1137,2308.656
2/20/2014,93.133,2287.436
2/21/2014,93.1523,2264.294
2/24/2014,94.0403,2214.509
2/25/2014,94.2296,2157.909
2/26/2014,94.0789,2163.405
2/27/2014,94.3582,2154.108
2/28/2014,94.3275,2178.971
3/3/2014,94.2455,2190.37
3/4/2014,93.5548,2184.273
3/5/2014,93.5541,2163.976
3/6/2014,93.3734,2173.634
3/7/2014,93.4927,2168.358
3/10/2014,93.6007,2097.787
3/11/2014,93.63,2108.661
3/12/2014,93.7693,2114.134
3/13/2014,94.0586,2140.333
3/14/2014,94.0479,2122.836
3/17/2014,94.0559,2143.038
3/18/2014,93.9252,2138.133
3/19/2014,93.6145,2120.87
3/20/2014,93.6838,2086.967
3/21/2014,93.6932,2158.798
3/24/2014,93.7311,2176.554
3/25/2014,93.7104,2174.44
3/26/2014,93.7297,2171.047
3/27/2014,93.699,2155.707
3/28/2014,93.7184,2151.965
3/31/2014,93.7063,2146.305
4/1/2014,93.5856,2163.115
4/2/2014,93.4749,2180.727
4/3/2014,92.8442,2165.008
4/4/2014,92.9836,2185.472
4/8/2014,92.7708,2237.316
4/9/2014,92.6501,2238.62
4/10/2014,92.6895,2273.761
4/11/2014,93.2588,2270.666
4/14/2014,93.2567,2268.613
4/15/2014,93.436,2229.463
4/16/2014,93.2953,2232.526
4/17/2014,91.9593,2224.803
4/18/2014,92.0986,2224.479
4/21/2014,92.0766,2187.248
4/22/2014,91.7859,2196.795
4/23/2014,91.7452,2194.668
4/24/2014,91.6645,2190.474
4/25/2014,91.7238,2167.826
4/28/2014,91.6218,2134.969
4/29/2014,91.8211,2158.47
4/30/2014,92.1804,2158.659
5/5/2014,92.177,2156.47
5/6/2014,92.5063,2157.328
5/7/2014,92.8056,2137.316
5/8/2014,93.0149,2135.496
5/9/2014,93.7942,2133.911
5/12/2014,93.6722,2180.054
5/13/2014,93.4415,2174.852
5/14/2014,93.3708,2172.372
5/15/2014,93.3201,2144.084
5/16/2014,93.2895,2145.952
5/19/2014,93.2774,2115.143
5/20/2014,93.2367,2115.771
5/21/2014,93.356,2135.905
5/22/2014,93.4253,2130.868
5/23/2014,93.4847,2148.414
5/26/2014,93.6226,2155.976
5/27/2014,93.7819,2147.28
5/28/2014,94.1912,2169.352
5/29/2014,94.3105,2155.164
5/30/2014,94.4599,2156.464
6/3/2014,94.5371,2149.918
6/4/2014,95.1364,2128.274
6/5/2014,94.8658,2150.602
6/6/2014,94.8651,2134.716
6/9/2014,94.853,2134.281
6/10/2014,94.8323,2161.268
6/11/2014,94.8116,2160.766
6/12/2014,94.871,2153.41
6/13/2014,94.7303,2176.242
6/16/2014,94.8582,2191.855
6/17/2014,94.7475,2169.674
6/18/2014,94.6868,2160.239
6/19/2014,94.6262,2126.907
6/20/2014,94.6855,2136.729
6/23/2014,94.7634,2134.11
6/24/2014,94.7927,2144.821
6/25/2014,94.8521,2133.371
6/26/2014,94.9214,2149.076
6/27/2014,94.9307,2150.258
6/30/2014,94.8986,2165.118
7/1/2014,94.6879,2164.559
7/2/2014,94.6173,2170.867
7/3/2014,94.2666,2180.192
7/4/2014,94.3659,2178.695
7/7/2014,94.2838,2176.289
7/8/2014,94.2932,2180.473
7/9/2014,94.2825,2148.71
7/10/2014,94.2518,2142.847
7/11/2014,94.2111,2148.009
7/14/2014,94.249,2171.758
7/15/2014,93.9984,2174.976
7/16/2014,93.6977,2170.868
7/17/2014,93.627,2157.068
7/18/2014,93.8163,2164.144
7/21/2014,93.8142,2166.295
7/22/2014,93.7736,2192.698
7/23/2014,93.5829,2197.833
7/24/2014,93.5822,2237.015
7/25/2014,93.7215,2260.454
7/28/2014,93.6595,2323.897
7/29/2014,93.6688,2331.369
7/30/2014,93.6981,2322.011
7/31/2014,93.9874,2350.251
8/1/2014,94.1567,2329.402
8/4/2014,94.1647,2375.62
8/5/2014,94.154,2369.353
8/6/2014,94.1933,2363.221
8/7/2014,94.1026,2327.457
8/8/2014,94.2919,2331.134
8/11/2014,94.5899,2365.349
8/12/2014,94.5792,2357.052
8/13/2014,94.5785,2358.901
8/14/2014,94.8278,2335.945
8/15/2014,94.8171,2360.635
8/18/2014,94.7751,2374.562
8/19/2014,94.7644,2374.768
8/20/2014,94.8037,2366.14
8/21/2014,94.783,2354.244
8/22/2014,94.5723,2365.364
8/25/2014,94.4703,2342.863
8/26/2014,94.8296,2324.092
8/27/2014,94.9589,2327.595
8/28/2014,94.7482,2311.278
8/29/2014,94.8575,2338.287
9/1/2014,94.8555,2355.317
9/2/2014,95.0148,2386.46
9/3/2014,94.9841,2408.838
9/4/2014,94.9134,2426.224
9/5/2014,94.9327,2449.259
9/9/2014,94.98,2445.224
9/10/2014,94.9893,2432.433
9/11/2014,94.9986,2423.454
9/12/2014,94.9679,2438.358
9/15/2014,95.1759,2437.189
9/16/2014,95.1652,2388.765
9/17/2014,95.3145,2401.326
9/18/2014,95.8638,2408.664
9/19/2014,96.2032,2425.211
9/22/2014,96.1611,2378.92
9/23/2014,96.2304,2399.462
9/24/2014,96.1697,2441.864
9/25/2014,96.309,2436.965
9/26/2014,96.1784,2437.201
9/29/2014,96.4463,2447.799
9/30/2014,97.0856,2450.988
10/8/2014,96.8101,2478.383
10/9/2014,96.8395,2481.955
10/10/2014,96.9588,2466.789
10/13/2014,96.8067,2454.946
10/14/2014,97.286,2446.562
10/15/2014,97.3853,2463.874
10/16/2014,97.5947,2444.395
10/17/2014,96.1693,2441.732
10/20/2014,96.4873,2454.711
10/21/2014,96.5666,2433.391
10/22/2014,96.4359,2418.641
10/23/2014,96.4452,2395.936
10/24/2014,96.4445,2390.706
10/27/2014,96.5425,2368.832
10/28/2014,96.7118,2416.653
10/29/2014,97.0011,2451.384
10/30/2014,96.9704,2468.925
10/31/2014,97.1297,2508.325
11/3/2014,97.4777,2512.548
11/4/2014,98.427,2513.172
11/5/2014,98.6863,2503.448
11/6/2014,98.4656,2506.067
11/7/2014,99.0949,2502.153
11/10/2014,99.0429,2565.73
11/11/2014,99.0422,2558.612
11/12/2014,98.3815,2594.318
11/13/2014,98.1408,2579.75
11/14/2014,97.9201,2581.093
11/17/2014,97.8081,2567.101
11/18/2014,97.8174,2541.416
11/19/2014,97.8667,2537.223
11/20/2014,97.866,2537.099
11/21/2014,97.8453,2583.455
11/24/2014,98.6733,2649.258
11/25/2014,98.4726,2685.561
11/26/2014,98.6219,2723.018
11/27/2014,98.7212,2754.49
11/28/2014,98.8005,2808.819
12/1/2014,98.7085,2819.812
12/2/2014,98.4278,2923.94
12/3/2014,97.8971,2967.549
12/4/2014,97.5164,3104.351
12/5/2014,97.0658,3124.885
12/8/2014,96.9837,3252.881
12/9/2014,95.503,3106.913
12/10/2014,96.7523,3221.546
12/11/2014,97.5116,3183.012
12/12/2014,97.441,3193.227
12/15/2014,97.0389,3217.228
12/16/2014,97.1882,3303.402
12/17/2014,97.3975,3360.598
12/18/2014,97.1868,3345.927
12/19/2014,97.5562,3383.167
12/22/2014,97.4741,3394.481
12/23/2014,97.8234,3324.924
12/24/2014,98.2127,3230.385
12/25/2014,98.2021,3335.419
12/26/2014,98.3114,3445.839
12/29/2014,98.3793,3455.455
12/30/2014,98.4886,3457.554
12/31/2014,98.5879,3533.705
1/5/2015,98.5745,3641.541
1/6/2015,98.2038,3641.059
1/7/2015,98.2932,3643.79
1/8/2015,98.4825,3559.259
1/9/2015,98.5118,3546.723
1/12/2015,98.4397,3513.576
1/13/2015,98.769,3514.04
1/14/2015,98.7784,3502.423
1/15/2015,99.0877,3604.121
1/16/2015,99.287,3635.146
1/19/2015,99.5049,3355.155
1/20/2015,99.5642,3396.222
1/21/2015,99.7536,3548.885
1/22/2015,100.0729,3567.613
1/23/2015,100.2122,3571.732
1/26/2015,100.3501,3607.985
1/27/2015,100.4795,3574.931
1/28/2015,99.9988,3525.323
1/29/2015,100.0881,3481.798
1/30/2015,100.1274,3434.39
2/2/2015,100.0453,3353.96
2/3/2015,100.1547,3437.445
2/4/2015,100.484,3401.768
2/5/2015,100.5433,3366.946
2/6/2015,100.6326,3312.42
2/9/2015,100.8405,3345.921
2/10/2015,100.8699,3406.943
2/11/2015,101.1992,3434.124
2/12/2015,101.4885,3442.874
2/13/2015,102.0078,3469.828
2/16/2015,102.0058,3499.483
2/17/2015,102.4351,3522.322
2/25/2015,102.4896,3478.729
2/26/2015,102.1089,3566.295
2/27/2015,101.8482,3572.843
3/2/2015,101.9062,3601.265
3/3/2015,101.6855,3507.9
3/4/2015,101.6648,3530.822
3/5/2015,101.5041,3496.344
3/6/2015,101.3634,3478.52
3/9/2015,101.1514,3537.75
3/10/2015,101.2207,3520.611
3/11/2015,101.53,3524.653
3/12/2015,101.5693,3592.844
3/13/2015,101.5286,3617.657
3/16/2015,101.2666,3705.671
3/17/2015,101.4959,3757.122
3/18/2015,101.4152,3846.055
3/19/2015,101.4245,3839.739
3/20/2015,101.5038,3892.574
3/23/2015,101.3618,3972.061
3/24/2015,101.3911,3973.046
3/25/2015,101.4604,3940.412
3/26/2015,101.1697,3949.999
3/27/2015,101.129,3971.697
3/30/2015,100.947,4088.178
3/31/2015,100.7463,4051.204
4/1/2015,100.7556,4123.895
4/2/2015,101.0449,4124.776
4/3/2015,100.9942,4170.538
4/7/2015,100.9415,4260.044
4/8/2015,101.0408,4295.803
4/9/2015,101.3901,4262.138
4/10/2015,101.4595,4344.416
4/13/2015,101.4174,4421.073
4/14/2015,101.3367,4438.184
4/15/2015,101.376,4380.513
4/16/2015,101.4953,4513.546
4/17/2015,99.9993,4596.136
4/20/2015,100.2373,4521.919
4/21/2015,100.3466,4619.164
4/22/2015,100.4459,4739.814
4/23/2015,100.4352,4740.892
4/24/2015,100.3345,4702.641
4/27/2015,100.3825,4807.592
4/28/2015,100.5318,4741.861
4/29/2015,100.5811,4774.326
4/30/2015,100.6104,4749.886
5/4/2015,100.4477,4787.741
5/5/2015,100.407,4596.837
5/6/2015,100.3963,4553.327
5/7/2015,100.2456,4470.089
5/8/2015,100.5549,4558.404
5/11/2015,100.6029,4690.532
5/12/2015,100.6022,4747.421
5/13/2015,100.6015,4718.436
5/14/2015,100.7608,4700.778
5/15/2015,100.8601,4617.47
5/18/2015,100.9081,4575.14
5/19/2015,100.8774,4731.222
5/20/2015,100.8967,4754.919
5/21/2015,100.806,4840.976
5/22/2015,100.8053,4951.335
5/25/2015,100.7033,5099.495
5/26/2015,100.5326,5198.918
5/27/2015,100.6119,5181.434
5/28/2015,100.5512,4834.007
5/29/2015,100.7005,4840.829
6/1/2015,100.5685,5076.179
6/2/2015,100.5478,5161.87
6/3/2015,100.6071,5143.59
6/4/2015,100.6264,5181.416
6/5/2015,100.7358,5230.552
6/8/2015,100.7437,5353.751
6/9/2015,100.753,5317.461
6/10/2015,100.7423,5309.112
6/11/2015,100.7016,5306.59
6/12/2015,100.721,5335.1151
6/15/2015,100.5889,5221.1665
6/16/2015,100.6882,5064.8212
6/17/2015,100.6675,5138.8307
6/18/2015,100.6468,4930.5491
6/19/2015,100.7062,4637.0517
6/23/2015,100.7134,4786.0906
6/24/2015,100.8027,4880.1261
6/25/2015,100.8821,4706.5159
6/26/2015,100.8514,4336.1947
6/29/2015,100.7793,4191.5486
6/30/2015,100.9986,4472.9976
7/1/2015,100.9379,4253.021
7/2/2015,100.8473,4107.9961
7/3/2015,100.8166,3885.9169
7/6/2015,100.9645,3998.537
7/7/2015,101.6138,3928.0025
7/8/2015,101.3732,3663.0375
7/9/2015,101.0925,3897.6263
7/10/2015,100.9418,4106.5561
7/13/2015,100.9797,4211.8116
7/14/2015,101.009,4112.1488
7/15/2015,100.9784,3966.7585
7/16/2015,100.9977,3997.3555
7/17/2015,101.167,4151.4956
7/20/2015,101.1849,4160.612
7/21/2015,101.2942,4166.0057
7/22/2015,101.2736,4157.1604
7/23/2015,101.3129,4250.805
7/24/2015,101.3722,4176.2787
7/27/2015,101.3101,3818.7314
7/28/2015,101.3195,3811.0926
7/29/2015,101.4088,3930.3791
7/30/2015,101.4181,3815.4118
7/31/2015,101.4074,3816.6993
8/3/2015,101.4453,3829.2354
8/4/2015,101.4947,3948.1554
8/5/2015,101.514,3866.8998
8/6/2015,101.5633,3831.8516
8/7/2015,101.6926,3906.9448
8/10/2015,101.6205,4084.3646
8/11/2015,101.4799,4066.6692
8/12/2015,101.2792,4016.1262
8/13/2015,101.3285,4075.463
8/14/2015,101.4478,4073.54
8/17/2015,101.4058,4077.8721
8/18/2015,101.4051,3825.4122
8/19/2015,101.4444,3886.1357
8/20/2015,101.5537,3761.4541
8/21/2015,101.623,3589.5358
8/24/2015,101.651,3275.5342
8/25/2015,101.5403,3042.9266
8/26/2015,101.6696,3025.692
8/27/2015,101.7789,3205.6375
8/28/2015,101.7382,3342.2863
8/31/2015,101.9662,3366.5359
9/1/2015,102.1355,3362.0827
9/2/2015,102.1948,3365.8318
9/7/2015,102.2914,3250.485
9/8/2015,102.2007,3334.0233
9/9/2015,102.14,3399.3054
9/10/2015,102.1693,3357.561
9/11/2015,102.2086,3347.1878
9/14/2015,102.1966,3281.1317
9/15/2015,102.4159,3152.2319
9/16/2015,102.5152,3309.2484
9/17/2015,102.3445,3236.9986
9/18/2015,102.5038,3251.2732
9/21/2015,102.4018,3308.2467
9/22/2015,102.4011,3339.03
9/23/2015,102.3704,3263.0275
9/24/2015,102.3897,3284.9991
9/25/2015,102.489,3231.9514
9/28/2015,102.547,3242.7524
9/29/2015,102.7763,3178.8544
9/30/2015,102.8856,3202.9475
10/8/2015,102.7901,3296.482
10/9/2015,102.9895,3340.1159
10/12/2015,103.0374,3447.6934
10/13/2015,103.1467,3445.0431
10/14/2015,103.686,3406.1116
10/15/2015,103.7553,3486.815
10/16/2015,103.6747,3534.0653
10/19/2015,101.8579,3534.1821
10/20/2015,102.2073,3577.7027
10/21/2015,102.3566,3473.2544
10/22/2015,102.2859,3524.5339
10/23/2015,102.3852,3571.2411
10/26/2015,102.4932,3589.2611
10/27/2015,103.0625,3592.8794
10/28/2015,103.3918,3524.9199
10/29/2015,102.9911,3533.3065
10/30/2015,103.1304,3534.0788
11/2/2015,103.1884,3475.9623
11/3/2015,103.1777,3465.4927
11/4/2015,102.917,3628.5377
11/5/2015,102.8763,3705.9697
11/6/2015,102.6156,3793.3739
11/9/2015,101.6336,3840.3547
11/10/2015,101.7629,3833.2379
11/11/2015,102.0722,3833.6457
11/12/2015,101.9515,3795.3241
11/13/2015,101.9608,3746.2422
11/16/2015,101.9688,3764.1262
11/17/2015,102.1081,3758.3869
11/18/2015,101.8674,3715.5796
11/19/2015,101.9267,3774.969
11/20/2015,102.136,3774.3833
11/23/2015,102.204,3753.3351
11/24/2015,102.4933,3753.8887
11/25/2015,102.6726,3781.6069
11/26/2015,102.7519,3759.4286
11/27/2015,102.6312,3556.9924
11/30/2015,102.6692,3566.4122
12/1/2015,102.6985,3591.696
12/2/2015,102.8678,3721.9545
12/3/2015,102.9571,3749.2985
12/4/2015,103.1564,3677.5922
12/7/2015,103.1344,3687.6073
12/8/2015,103.1837,3623.0202
12/9/2015,103.193,3635.9382
12/10/2015,103.1223,3623.0842
12/11/2015,103.1816,3608.0587
12/14/2015,102.9496,3711.322
12/15/2015,102.9589,3694.3885
12/16/2015,103.0782,3685.4398
12/17/2015,103.2075,3755.8881
12/18/2015,103.5268,3767.9128
12/21/2015,103.7848,3865.965
12/22/2015,103.8341,3876.7325
12/23/2015,103.9434,3866.3814
12/24/2015,104.3927,3829.4022
12/25/2015,104.3721,3838.201
12/28/2015,104.66,3727.6316
12/29/2015,104.6193,3761.8745
12/30/2015,104.4286,3765.1752
12/31/2015,104.5879,3731.0047
1/4/2016,104.2452,3469.0662
1/5/2016,103.9345,3478.7797
1/6/2016,104.2038,3539.8082
1/7/2016,104.2432,3294.3839
1/8/2016,104.5225,3361.5632
1/11/2016,104.6004,3192.4499
1/12/2016,104.8997,3215.7099
1/13/2016,105.229,3155.8787
1/14/2016,105.0784,3221.5714
1/15/2016,105.1377,3118.7301
1/18/2016,104.8456,3130.7289
1/19/2016,104.7849,3223.1251
1/20/2016,104.5942,3174.3781
1/21/2016,104.7336,3081.3454
1/22/2016,104.8029,3113.4626
1/25/2016,104.5608,3128.886
1/26/2016,104.5501,2940.5085
1/27/2016,104.0895,2930.3519
1/28/2016,104.2288,2853.7562
1/29/2016,104.6881,2946.0902
2/1/2016,104.476,2901.0477
2/2/2016,104.3553,2961.3337
2/3/2016,104.3747,2948.6386
2/4/2016,104.534,2984.7598
2/5/2016,104.7433,2963.7894
2/15/2016,104.9364,2946.7066
2/16/2016,104.7958,3037.0353
2/17/2016,104.8451,3063.3199
2/18/2016,104.8544,3053.6985
2/19/2016,104.7937,3051.585
2/22/2016,104.7216,3118.8675
2/23/2016,104.781,3089.3632
2/24/2016,104.7303,3109.5454
2/25/2016,104.6396,2918.7501
2/26/2016,104.5289,2948.0306
2/29/2016,104.5475,2877.4666
3/1/2016,104.6268,2930.6937
3/2/2016,104.5462,3051.3327
3/3/2016,104.5155,3058.4219
3/4/2016,104.7048,3093.8895
3/7/2016,104.5727,3104.8397
3/8/2016,104.5621,3107.6727
3/9/2016,104.7214,3071.907
3/10/2016,104.9407,3013.1457
3/11/2016,105.09,3018.2844
3/14/2016,105.0079,3065.6904
3/15/2016,105.0173,3074.7796
3/16/2016,105.2166,3090.0328
3/17/2016,105.1259,3124.2039
3/18/2016,105.0552,3171.963
3/21/2016,104.9532,3249.4372
3/22/2016,104.9825,3225.7903
3/23/2016,105.1918,3236.0924
3/24/2016,105.2811,3181.8507
3/25/2016,105.3404,3197.8169
3/28/2016,105.1484,3169.7283
3/29/2016,105.1677,3135.4098
3/30/2016,105.257,3216.2753
3/31/2016,105.2563,3218.0879
4/1/2016,105.3556,3221.8948
4/5/2016,105.2329,3264.4858
4/6/2016,105.1622,3257.5276
4/7/2016,105.1015,3209.2902
4/8/2016,105.2108,3185.7258
4/11/2016,105.1388,3230.0957
4/12/2016,105.1781,3218.4497
4/13/2016,104.9574,3261.3831
4/14/2016,104.9167,3275.8321
4/15/2016,104.966,3272.2053
4/18/2016,103.2986,3228.4531
4/19/2016,103.4279,3238.3029
4/20/2016,103.1373,3181.0264
4/21/2016,102.7166,3160.6033
4/22/2016,102.7159,3174.9012
4/25/2016,102.5538,3162.0331
4/26/2016,102.8732,3179.1605
4/27/2016,102.9225,3165.9156
4/28/2016,103.1118,3160.5809
4/29/2016,103.1111,3156.7451
5/3/2016,103.1584,3213.5397
5/4/2016,103.0977,3209.4614
5/5/2016,103.217,3213.9199
5/6/2016,103.4663,3130.3544
5/9/2016,103.6742,3065.6154
5/10/2016,103.5136,3069.1124
5/11/2016,103.5229,3082.8086
5/12/2016,103.6822,3090.1372
5/13/2016,103.7015,3074.9351
5/16/2016,103.5595,3095.3085
5/17/2016,103.4088,3086.0249
5/18/2016,103.2281,3068.0358
5/19/2016,103.2574,3062.5002
5/20/2016,103.3667,3078.2183
5/23/2016,103.3147,3087.2225
5/24/2016,103.414,3063.5556
5/25/2016,103.3933,3059.2259
5/26/2016,103.3926,3064.2111
5/27/2016,103.4019,3062.4993
5/30/2016,103.4299,3066.7095
5/31/2016,103.4492,3169.5598
6/1/2016,103.4185,3160.547
6/2/2016,103.3578,3167.0997
6/3/2016,103.3271,3189.3255
6/6/2016,103.3451,3178.7883
6/7/2016,103.3544,3177.0536
6/8/2016,103.3637,3163.9864
6/13/2016,103.4003,3066.3413
6/14/2016,103.6496,3075.9834
6/15/2016,103.6489,3116.3682
6/16/2016,103.8082,3094.6748
6/17/2016,103.9075,3110.3572
6/20/2016,103.8755,3112.6744
6/21/2016,103.8948,3106.3175
6/22/2016,104.0541,3133.9611
6/23/2016,104.0434,3117.3168
6/24/2016,104.2427,3077.1554
6/27/2016,104.3807,3120.5443
6/28/2016,104.21,3136.4013
6/29/2016,104.1393,3151.3898
6/30/2016,104.2686,3153.921
7/1/2016,104.5079,3154.2003
7/4/2016,104.3159,3204.6962
7/5/2016,104.2352,3207.3827
7/6/2016,104.3445,3216.8035
7/7/2016,104.6238,3209.9542
7/8/2016,104.6932,3192.2804
7/11/2016,104.6511,3203.3298
7/12/2016,104.7004,3273.1823
7/13/2016,104.8297,3282.8681
7/14/2016,104.829,3276.7637
7/15/2016,104.8184,3276.2775
7/18/2016,104.7963,3262.0222
7/19/2016,104.9156,3248.2341
7/20/2016,105.2149,3237.6051
7/21/2016,105.4842,3252.5227
7/22/2016,105.4236,3225.1621
7/25/2016,105.3315,3230.885
7/26/2016,105.4508,3269.5882
7/27/2016,105.3901,3218.243
7/28/2016,105.6095,3221.1365
7/29/2016,105.5988,3203.9304
8/1/2016,105.5067,3176.8091
8/2/2016,105.596,3189.0529
8/3/2016,105.7153,3193.5073
8/4/2016,105.7147,3201.2888
8/5/2016,105.884,3205.1101
8/8/2016,105.9119,3234.1833
8/9/2016,106.1412,3256.9813
8/10/2016,106.3805,3243.3409
8/11/2016,106.5699,3233.3604
8/12/2016,106.8492,3294.2337
8/15/2016,106.6571,3393.4239
8/16/2016,106.4764,3378.2451
8/17/2016,106.4158,3373.0476
8/18/2016,106.4751,3364.4851
8/19/2016,106.3644,3365.0197
8/22/2016,106.4723,3336.7949
8/23/2016,106.1816,3341.8298
8/24/2016,105.711,3329.8631
8/25/2016,105.8003,3308.9721
8/26/2016,106.3296,3307.0902
8/29/2016,106.1775,3307.7812
8/30/2016,105.8468,3311.9872
8/31/2016,106.0762,3327.7938
9/1/2016,106.1355,3301.5767
9/2/2016,106.1648,3314.1142
9/5/2016,106.1827,3319.6803
9/6/2016,106.0721,3342.6259
9/7/2016,106.0614,3340.8172
9/8/2016,106.1207,3339.564
9/9/2016,106.21,3318.044
9/12/2016,105.9579,3262.6043
9/13/2016,106.1873,3260.333
9/14/2016,106.2766,3238.7299
9/19/2016,106.2932,3263.1242
9/20/2016,106.3425,3257.4034
9/21/2016,106.2918,3266.6363
9/22/2016,106.3811,3291.1211
9/23/2016,106.5504,3275.6665
9/26/2016,106.6184,3220.2838
9/27/2016,106.5877,3240.7546
9/28/2016,106.457,3230.8904
9/29/2016,106.5063,3244.3874
9/30/2016,106.5256,3253.2848
10/10/2016,106.8288,3293.8689
10/11/2016,106.8381,3306.5573
10/12/2016,106.7674,3300.0099
10/13/2016,106.8867,3302.6455
10/14/2016,106.986,3305.8481
10/17/2016,105.3093,3277.8787
10/18/2016,105.3086,3321.3324
10/19/2016,105.3179,3316.2407
10/20/2016,105.3473,3318.6044
10/21/2016,105.3666,3327.74
10/24/2016,105.3545,3367.5778
10/25/2016,105.2638,3367.4547
10/26/2016,104.9132,3354.8003
10/27/2016,104.9925,3345.695
10/28/2016,105.0418,3340.1262
10/31/2016,104.9497,3336.2778
11/1/2016,104.949,3359.0515
11/2/2016,104.8584,3333.3524
11/3/2016,105.0077,3365.085
11/4/2016,104.987,3354.1749
11/7/2016,104.9249,3356.5916
11/8/2016,104.8142,3371.1177
11/9/2016,104.8336,3353.0547
11/10/2016,104.2729,3390.6119
11/11/2016,104.1922,3417.2211
11/14/2016,103.9701,3430.2482
11/15/2016,103.9395,3429.8697
11/16/2016,103.8288,3429.5921
11/17/2016,103.8081,3436.535
11/18/2016,103.8274,3417.4554
11/21/2016,103.7353,3441.1106
11/22/2016,103.7447,3468.3637
11/23/2016,103.864,3474.7289
11/24/2016,103.8633,3488.7402
11/25/2016,103.8326,3521.2984
11/28/2016,103.8705,3535.0807
11/29/2016,103.4199,3564.0404
11/30/2016,103.2092,3538.001
12/1/2016,102.6085,3565.036
12/2/2016,102.6278,3528.9547
12/5/2016,102.5158,3469.4073
12/6/2016,101.9751,3459.1533
12/7/2016,102.4144,3475.7473
12/8/2016,102.4337,3470.1426
12/9/2016,102.423,3493.7004
12/12/2016,101.941,3409.1794
12/13/2016,101.3403,3405.0355
12/14/2016,101.1496,3378.9453
12/15/2016,99.7089,3340.4338
12/16/2016,100.0982,3346.0305
12/19/2016,99.5862,3328.9827
12/20/2016,99.8055,3309.0641
12/21/2016,100.5348,3338.536
12/22/2016,100.9341,3335.672
12/23/2016,101.1634,3307.5991
12/26/2016,101.3614,3322.4006
12/27/2016,101.3907,3316.3852
12/28/2016,101.35,3301.8887
12/29/2016,101.9993,3297.7648
12/30/2016,102.4486,3310.0808
1/3/2017,101.9759,3342.2272
1/4/2017,101.8452,3368.3117
1/5/2017,101.6745,3367.7892
1/6/2017,101.6738,3347.6665
1/9/2017,101.7118,3363.9014
1/10/2017,101.9211,3358.2716
1/11/2017,101.9004,3334.4954
1/12/2017,101.9897,3317.6241
1/13/2017,102.059,3319.9122
1/16/2017,101.667,3319.4455
1/17/2017,101.2663,3326.3563
1/18/2017,101.2356,3339.3653
1/19/2017,101.2149,3329.2891
1/20/2017,101.3942,3354.8891
1/23/2017,101.3922,3364.0808
1/24/2017,101.4615,3364.4509
1/25/2017,101.1308,3375.9042
1/26/2017,101.2101,3387.9606
2/3/2017,100.7747,3364.4923
2/6/2017,100.5526,3373.2051
2/7/2017,100.5619,3365.6849
2/8/2017,100.5712,3383.2878
2/9/2017,100.9505,3396.2924
2/10/2017,100.9199,3413.4868
2/13/2017,101.0078,3436.275
2/14/2017,101.0071,3435.8042
2/15/2017,100.8864,3421.7131
2/16/2017,101.0758,3440.9331
2/17/2017,101.0551,3421.4419
2/20/2017,101.333,3471.3926
2/21/2017,101.0923,3482.823
2/22/2017,101.2116,3489.7567
2/23/2017,101.241,3473.3236
2/24/2017,101.3903,3473.8517
2/27/2017,101.3982,3446.2228
2/28/2017,101.4075,3452.8103
3/1/2017,101.2568,3458.4376
3/2/2017,101.1762,3435.0963
3/3/2017,101.2055,3427.8628
3/6/2017,101.2334,3446.484
3/7/2017,101.2227,3453.9565
3/8/2017,101.0621,3448.7313
3/9/2017,101.0414,3426.9438
3/10/2017,101.0007,3427.8916
3/13/2017,101.1286,3458.098
3/14/2017,101.1379,3456.6934
3/15/2017,101.0473,3463.6436
3/16/2017,101.2066,3481.5066
3/17/2017,101.2059,3445.8051
3/20/2017,101.0738,3449.6126
3/21/2017,101.0832,3466.3468
3/22/2017,101.2625,3450.0502
3/23/2017,101.2718,3461.9782
3/24/2017,101.6411,3489.5997
3/27/2017,101.609,3478.0385
3/28/2017,101.3284,3469.8093
3/29/2017,101.4177,3465.1933
3/30/2017,101.417,3436.758
3/31/2017,101.4663,3456.0455
4/5/2017,101.2429,3503.8932
4/6/2017,101.3122,3514.0469
4/7/2017,101.5515,3517.4634
4/10/2017,101.5195,3505.1392
4/11/2017,101.4988,3517.328
4/12/2017,101.4881,3509.4387
4/13/2017,101.4674,3514.5662
4/14/2017,101.3767,3486.5045
4/17/2017,99.4093,3479.9417
4/18/2017,99.2386,3462.7429
4/19/2017,99.1579,3445.8761
4/20/2017,99.0673,3461.5481
4/21/2017,99.0766,3466.7865
4/24/2017,98.6645,3431.2587
4/25/2017,98.9338,3440.9743
4/26/2017,98.8532,3445.1832
4/27/2017,98.8725,3446.7202
4/28/2017,98.8018,3439.753
5/2/2017,98.679,3426.5766
5/3/2017,98.6184,3413.1282
5/4/2017,98.4377,3404.3864
5/5/2017,98.237,3382.5502
5/8/2017,98.0049,3358.8125
5/9/2017,98.0442,3352.5324
5/10/2017,97.9036,3337.7007
5/11/2017,97.9929,3356.6459
5/12/2017,97.7922,3385.3787
5/15/2017,97.9701,3399.1937
5/16/2017,97.9895,3428.6491
5/17/2017,97.8888,3409.9656
5/18/2017,98.0381,3398.1127
5/19/2017,98.0074,3403.8492
5/22/2017,97.9253,3411.2387
5/23/2017,97.9447,3424.194
5/24/2017,98.004,3424.1669
5/25/2017,98.1633,3485.6581
5/26/2017,98.1926,3480.4345
5/31/2017,98.2592,3492.8845
6/1/2017,98.3585,3497.7382
6/2/2017,98.3078,3486.5074
6/5/2017,98.5358,3468.7538
6/6/2017,98.3651,3492.8816
6/7/2017,98.3844,3533.8718
6/8/2017,98.3937,3560.9786
6/9/2017,98.593,3576.1703
6/12/2017,98.981,3574.3894
6/13/2017,98.9203,3582.2674
6/14/2017,99.0796,3535.2987
6/15/2017,98.9889,3528.7926
6/16/2017,98.9382,3518.7611
6/19/2017,99.5462,3553.6653
6/20/2017,99.4555,3546.494
6/21/2017,99.2748,3587.955
6/22/2017,99.2041,3590.3425
6/23/2017,99.2534,3622.8831
6/26/2017,99.4214,3668.0919
6/27/2017,99.5307,3674.7152
6/28/2017,99.42,3646.1666
6/29/2017,99.3293,3668.8279
6/30/2017,99.2586,3666.7977
7/3/2017,99.0966,3650.8463
7/4/2017,99.0359,3619.9841
7/5/2017,99.1952,3659.6795
7/6/2017,99.3645,3660.0967
7/7/2017,99.2438,3655.9293
7/10/2017,99.2518,3653.6868
7/11/2017,99.2511,3670.8086
7/12/2017,99.3404,3658.8236
7/13/2017,99.4297,3686.9205
7/14/2017,99.489,3703.094
7/17/2017,99.477,3663.5575
7/18/2017,99.1963,3667.1807
7/19/2017,99.1956,3729.7466
7/20/2017,99.2649,3747.8843
7/21/2017,99.0942,3728.5976
7/24/2017,99.1722,3743.4686
7/25/2017,99.1615,3719.559
7/26/2017,99.1308,3705.3884
7/27/2017,99.1301,3712.1947
7/28/2017,99.1695,3721.8914
7/31/2017,99.0874,3737.8732
8/1/2017,98.9667,3770.3828
8/2/2017,99.026,3760.8525
8/3/2017,99.1353,3727.8264
8/4/2017,99.1447,3707.5796
8/7/2017,99.0826,3726.7948
8/8/2017,99.0619,3732.2129
8/9/2017,99.0412,3731.044
8/10/2017,99.1305,3715.9208
8/11/2017,99.2299,3647.3503
8/14/2017,99.2978,3694.6831
8/15/2017,99.3071,3706.0566
8/16/2017,99.2564,3701.4207
8/17/2017,99.1858,3721.277
8/18/2017,99.2251,3724.6748
8/21/2017,99.233,3740.9941
8/22/2017,99.2523,3752.298
8/23/2017,99.2716,3756.0884
8/24/2017,99.271,3734.6458
8/25/2017,99.2903,3795.7544
8/28/2017,99.2382,3842.7119
8/29/2017,99.1775,3834.5376
8/30/2017,99.1768,3834.3005
8/31/2017,99.1862,3822.0928
9/1/2017,99.1555,3830.5383
9/4/2017,99.1434,3845.6163
9/5/2017,99.0527,3857.0464
9/6/2017,99.1321,3849.4499
9/7/2017,99.2014,3829.8713
9/8/2017,99.3007,3825.9895
9/11/2017,99.2686,3825.6453
9/12/2017,99.2879,3837.9341
9/13/2017,99.2273,3842.6061
9/14/2017,99.4166,3829.9554
9/15/2017,99.3859,3831.2965
9/18/2017,99.3738,3843.1428
9/19/2017,99.3832,3832.1161
9/20/2017,99.4225,3842.4353
9/21/2017,99.3918,3837.8176
9/22/2017,99.4511,3837.7304
9/25/2017,99.469,3817.7915
9/26/2017,99.4084,3820.7816
9/27/2017,99.1777,3821.2
9/28/2017,99.377,3822.5386
9/29/2017,99.4763,3836.5013
10/9/2017,99.3995,3882.2076
10/10/2017,99.4888,3889.8637
10/11/2017,99.4781,3902.6868
10/12/2017,99.4474,3912.9536
10/13/2017,99.4167,3921.0017
10/16/2017,99.2447,3913.4462
10/17/2017,97.4593,3913.0688
10/18/2017,97.4786,3944.1626
10/19/2017,97.5679,3931.2495
10/20/2017,97.5773,3926.852
10/23/2017,97.5652,3930.7981
10/24/2017,97.5445,3959.3953
10/25/2017,97.3938,3976.949
10/26/2017,97.2932,3993.5752
10/27/2017,97.0525,4021.9676
10/30/2017,96.6104,4009.7218
10/31/2017,96.7897,4006.7179
11/1/2017,97.069,3996.6221
11/2/2017,96.9984,3997.1343
11/3/2017,96.7777,3992.6979
11/6/2017,96.9956,4020.8896
11/7/2017,96.7649,4054.2465
11/8/2017,96.6142,4048.0057
11/9/2017,96.6136,4075.8998
11/10/2017,96.6029,4111.9112
11/13/2017,96.3608,4128.0733
11/14/2017,96.2601,4099.351
11/15/2017,96.4995,4073.6696
11/16/2017,96.5288,4105.0122
11/17/2017,96.3981,4120.8508
11/20/2017,96.326,4143.8334
11/21/2017,96.3353,4217.7015
11/22/2017,96.2147,4227.5666
11/23/2017,96.104,4102.3966
11/24/2017,96.2733,4104.2034
11/27/2017,96.2112,4049.9475
11/28/2017,96.4705,4055.8235
11/29/2017,96.5899,4053.7529
11/30/2017,96.5492,4006.0993
12/1/2017,96.6085,3998.1365
12/4/2017,96.5464,4018.8571
12/5/2017,96.7058,4040.1704
12/6/2017,96.6851,4015.8211
12/7/2017,96.6344,3971.0569
12/8/2017,96.6137,4003.3792
12/11/2017,96.6116,4069.4997
12/12/2017,96.661,4016.0163
12/13/2017,96.6603,4050.0927
12/14/2017,96.7296,4026.1516
12/15/2017,96.7589,3980.8558
12/18/2017,96.7468,3985.2914
12/19/2017,96.6662,4035.3294
12/20/2017,96.6755,4030.4898
12/21/2017,96.7148,4067.8485
12/22/2017,96.7741,4054.5984
12/25/2017,96.6821,4041.5401
12/26/2017,96.6414,4053.6224
12/27/2017,96.4907,3991.2075
12/28/2017,96.43,4018.8974
12/29/2017,96.5393,4030.8549
1/2/2018,96.5666,4087.4012
1/3/2018,96.6359,4111.3925
1/4/2018,96.6352,4128.8119
1/5/2018,96.6545,4138.7505
1/8/2018,96.8225,4160.1595
1/9/2018,96.7418,4189.2977
1/10/2018,96.7011,4207.8132
1/11/2018,96.6204,4205.5863
1/12/2018,96.6497,4225.001
1/15/2018,96.5977,4225.2393
1/16/2018,96.667,4258.473
1/17/2018,96.6663,4248.1164
1/18/2018,96.5556,4271.4168
1/19/2018,96.5649,4285.395
1/22/2018,96.7929,4336.5974
1/23/2018,96.7822,4382.6129
1/24/2018,96.8715,4389.8853
1/25/2018,96.8708,4365.0794
1/26/2018,96.9801,4381.2996
1/29/2018,97.0381,4302.0181
1/30/2018,97.0674,4256.1021
1/31/2018,97.1367,4275.8986
2/1/2018,97.336,4245.8978
2/2/2018,97.3953,4271.2326
2/5/2018,97.2933,4274.1464
2/6/2018,97.3426,4148.8856
2/7/2018,97.3219,4050.4972
2/8/2018,97.2012,4012.0472
2/9/2018,97.5405,3840.6527
2/12/2018,97.5685,3890.1046
2/13/2018,97.6578,3935.6324
2/14/2018,97.7971,3966.9614
2/22/2018,97.7416,4052.7332
2/23/2018,97.721,4071.0889
2/26/2018,97.9689,4118.4186
2/27/2018,98.3482,4058.9806
2/28/2018,98.4275,4023.6415
3/1/2018,98.2968,4049.0863
3/2/2018,98.3062,4016.461
3/5/2018,98.2441,4018.097
3/6/2018,98.3534,4066.5647
3/7/2018,98.3827,4036.6536
3/8/2018,98.3421,4077.6001
3/9/2018,98.3414,4108.8652
3/12/2018,98.3793,4127.6662
3/13/2018,98.2686,4091.2533
3/14/2018,98.1179,4073.3447
3/15/2018,98.2173,4096.1627
3/16/2018,98.2666,4056.4226
3/19/2018,98.3245,4074.2479
3/20/2018,98.3438,4077.7041
3/21/2018,98.3832,4061.0502
3/22/2018,98.6125,4020.349
3/23/2018,98.9818,3904.9355
3/26/2018,98.9197,3879.893
3/27/2018,98.819,3913.2689
3/28/2018,98.8584,3842.7155
3/29/2018,98.8177,3894.0498
3/30/2018,98.997,3898.4977
4/2/2018,99.0449,3886.9189
4/3/2018,99.0842,3862.4796
4/4/2018,99.3336,3854.8625
4/9/2018,99.6601,3852.9292
4/10/2018,99.4995,3927.1729
4/11/2018,99.5388,3938.3434
4/12/2018,99.5981,3898.6354
4/13/2018,99.6274,3871.1443
4/16/2018,100.0453,3808.863
4/17/2018,98.3693,3748.6412
4/18/2018,99.5186,3766.282
4/19/2018,99.1679,3811.843
4/20/2018,99.3073,3760.8543
4/23/2018,99.0052,3766.3257
4/24/2018,99.1245,3843.4886
4/25/2018,98.9738,3828.7015
4/26/2018,98.9232,3755.4941
4/27/2018,98.9525,3756.8765
5/2/2018,98.879,3763.6461
5/3/2018,99.0484,3793.0001
5/4/2018,99.2277,3774.5981
5/7/2018,99.1156,3834.1877
5/8/2018,99.0249,3878.6767
5/9/2018,98.8042,3871.6152
5/10/2018,98.8236,3893.0565
5/11/2018,98.9429,3872.8383
5/14/2018,98.9408,3909.2933
5/15/2018,98.7301,3924.0975
5/16/2018,98.7695,3892.8442
5/17/2018,98.7688,3864.0507
5/18/2018,98.8781,3903.0637
5/21/2018,98.926,3921.2421
5/22/2018,99.0353,3906.2081
5/23/2018,99.1747,3854.5825
5/24/2018,99.214,3827.217
5/25/2018,99.2733,3816.498
5/28/2018,99.2312,3833.2599
5/29/2018,99.1705,3804.0093
5/30/2018,99.2499,3723.3724
5/31/2018,99.1592,3802.3759
6/1/2018,99.2485,3770.5891
6/4/2018,99.1964,3807.5781
6/5/2018,99.1358,3845.3164
6/6/2018,99.1051,3837.3511
6/7/2018,99.0644,3831.0128
6/8/2018,99.2337,3779.6159
6/11/2018,99.2916,3779.9818
6/12/2018,99.211,3825.9534
6/13/2018,99.2403,3788.3391
6/14/2018,99.2796,3773.3655
6/15/2018,99.3389,3753.4338
6/19/2018,99.5462,3621.1166
6/20/2018,99.4655,3635.4436
6/21/2018,99.5948,3592.965
6/22/2018,99.6641,3608.9046
6/25/2018,99.4621,3560.4777
6/26/2018,99.5414,3531.1112
6/27/2018,99.6407,3459.2621
6/28/2018,99.58,3423.5255
6/29/2018,99.8493,3510.9845
7/2/2018,99.9573,3407.9638
7/3/2018,99.9766,3409.2801
7/4/2018,99.9059,3363.7473
7/5/2018,100.2652,3342.4379
7/6/2018,100.3545,3365.1227
7/9/2018,100.2425,3459.1837
7/10/2018,100.2618,3467.5155
7/11/2018,100.3811,3407.5297
7/12/2018,100.3804,3481.0559
7/13/2018,100.4497,3492.6897
7/16/2018,100.5277,3472.0859
7/17/2018,100.627,3449.3773
7/18/2018,100.7063,3431.3227
7/19/2018,100.8056,3428.343
7/20/2018,100.7349,3492.8938
7/23/2018,100.7029,3525.7503
7/24/2018,100.4122,3581.7057
7/25/2018,100.4815,3577.7522
7/26/2018,100.5808,3536.2456
7/27/2018,100.6001,3521.2269
7/30/2018,100.7881,3515.0794
7/31/2018,100.9774,3517.6568
8/1/2018,101.0467,3447.3882
8/2/2018,101.056,3370.9579
8/3/2018,101.2153,3315.2839
8/6/2018,101.3133,3273.2728
8/7/2018,101.4326,3368.8695
8/8/2018,101.3819,3314.5075
8/9/2018,101.1712,3397.5298
8/10/2018,101.1405,3405.0191
8/13/2018,100.8285,3390.3441
8/14/2018,100.9478,3372.9137
8/15/2018,100.9571,3291.976
8/16/2018,100.8564,3276.7276
8/17/2018,100.6458,3229.6198
8/20/2018,100.6037,3267.2498
8/21/2018,100.593,3326.6489
8/22/2018,100.6723,3307.9545
8/23/2018,100.7416,3320.0257
8/24/2018,100.791,3325.3347
8/27/2018,100.8089,3406.5735
8/28/2018,100.7882,3400.1705
8/29/2018,100.7775,3386.5736
8/30/2018,100.8068,3351.0942
8/31/2018,100.7562,3334.5036
9/3/2018,100.7141,3321.8248
9/4/2018,100.6734,3363.8984
9/5/2018,100.6827,3298.1412
9/6/2018,100.6721,3262.8808
9/7/2018,100.6014,3277.6438
9/10/2018,100.6193,3230.0681
9/11/2018,100.6086,3224.2116
9/12/2018,100.5579,3202.0248
9/13/2018,100.5973,3236.5662
9/14/2018,100.7366,3242.0902
9/17/2018,100.8545,3204.9224
9/18/2018,100.7538,3269.4319
9/19/2018,100.7032,3312.4823
9/20/2018,100.5025,3310.1258
9/21/2018,100.6318,3410.4856
9/25/2018,100.749,3379.8043
9/26/2018,100.8184,3417.2413
9/27/2018,100.8877,3403.5902
9/28/2018,100.947,3438.8649
10/8/2018,100.9801,3290.8988
10/9/2018,100.9995,3288.6906
10/10/2018,101.2188,3281.5978
10/11/2018,101.3781,3124.1139
10/12/2018,101.4074,3170.7262
10/15/2018,101.4653,3126.4516
10/16/2018,101.4347,3100.9738
10/17/2018,99.6793,3118.2463
10/18/2018,99.7886,3044.3918
10/19/2018,99.7379,3134.9455
10/22/2018,99.6759,3270.2732
10/23/2018,99.6852,3183.4257
10/24/2018,99.7345,3188.2018
10/25/2018,99.7838,3194.3084
10/26/2018,99.9032,3173.635
10/29/2018,100.0311,3076.8889
10/30/2018,100.0504,3110.2605
10/31/2018,100.0497,3153.8234
11/1/2018,100.069,3177.0338
11/2/2018,99.8984,3290.2455
11/5/2018,99.9363,3262.8351
11/6/2018,100.0756,3243.1504
11/7/2018,100.1849,3221.9101
11/8/2018,100.2842,3212.7737
11/9/2018,100.2736,3167.4442
11/12/2018,100.2915,3205.1407
11/13/2018,100.3008,3237.3823
11/14/2018,100.5201,3204.9427
11/15/2018,100.5695,3242.3715
11/16/2018,100.7788,3257.6735
11/19/2018,100.7167,3294.6031
11/20/2018,100.806,3218.4076
11/21/2018,100.9353,3226.4918
11/22/2018,100.8647,3214.4273
11/23/2018,100.814,3143.4752
11/26/2018,100.8019,3141.2434
11/27/2018,100.8412,3137.2413
11/28/2018,100.8505,3178.9326
11/29/2018,100.8599,3137.6542
11/30/2018,100.8492,3172.69
12/3/2018,100.9371,3260.9502
12/4/2018,101.0564,3267.7095
12/5/2018,101.0358,3252.0041
12/6/2018,101.0751,3181.673
12/7/2018,101.1344,3181.5646
12/10/2018,101.2223,3144.7631
12/11/2018,101.2316,3159.8158
12/12/2018,101.251,3170.6092
12/13/2018,101.1603,3219.6924
12/14/2018,101.1196,3165.9109
12/17/2018,101.0775,3161.1966
12/18/2018,101.1568,3128.4265
12/19/2018,101.1562,3091.1255
12/20/2018,101.2255,3067.4169
12/21/2018,101.2348,3029.3951
12/24/2018,101.2327,3038.1981
12/25/2018,101.2321,3017.2815
12/26/2018,101.2514,3002.0327
12/27/2018,101.2307,2990.5057
12/28/2018,101.5,3010.6536
1/2/2019,101.5966,2969.5353
1/3/2019,101.7359,2964.8421
1/4/2019,101.8052,3035.8741
1/7/2019,101.9132,3054.303
1/8/2019,102.0825,3047.7035
1/9/2019,102.1118,3078.4759
1/10/2019,102.0611,3072.6864
1/11/2019,102.0204,3094.7782
1/14/2019,101.9884,3067.7845
1/15/2019,101.9477,3127.9904
1/16/2019,102.137,3128.6517
1/17/2019,102.1863,3111.4168
1/18/2019,102.1656,3168.1739
1/21/2019,102.0536,3185.6364
1/22/2019,102.1029,3143.3171
1/23/2019,102.1122,3141.0532
1/24/2019,102.0515,3158.7817
1/25/2019,102.0408,3184.4696
1/28/2019,102.0588,3183.7777
1/29/2019,102.1681,3193.9698
1/30/2019,102.2274,3168.4829
1/31/2019,102.3467,3201.6331
2/1/2019,102.386,3247.3971
2/11/2019,102.4692,3306.4725
2/12/2019,102.4585,3330.3353
2/13/2019,102.4678,3397.0276
2/14/2019,102.4771,3402.1403
2/15/2019,102.5164,3338.7047
2/18/2019,102.4644,3445.7448
2/19/2019,102.4937,3439.6078
2/20/2019,102.543,3451.9273
2/21/2019,102.5323,3442.7056
2/22/2019,102.5116,3520.1182
2/25/2019,102.3596,3729.4831
2/26/2019,102.1889,3684.6935
2/27/2019,102.2882,3678.3921
2/28/2019,102.3075,3669.3703
3/1/2019,102.2868,3749.7143
3/4/2019,102.2748,3794.104
3/5/2019,102.2341,3816.0132
3/6/2019,102.2434,3848.0903
3/7/2019,102.4027,3808.8497
3/8/2019,102.4721,3657.579
3/11/2019,102.48,3729.9546
3/12/2019,102.3993,3755.3519
3/13/2019,102.4086,3724.1941
3/14/2019,102.3879,3698.4858
3/15/2019,102.3573,3745.005
3/18/2019,102.3352,3851.7479
3/19/2019,102.3445,3833.9626
3/20/2019,102.3338,3835.4397
3/21/2019,102.4232,3836.8913
3/22/2019,102.4425,3833.8013
3/25/2019,102.5504,3742.8252
3/26/2019,102.6497,3700.4388
3/27/2019,102.749,3743.3878
3/28/2019,102.8184,3728.3953
3/29/2019,102.8077,3872.3412
4/1/2019,102.5456,3973.928
4/2/2019,102.6449,3971.2852
4/3/2019,102.5242,4022.1566
4/4/2019,102.4936,4062.2309
4/8/2019,102.5208,4057.2286
4/9/2019,102.4201,4075.4301
4/10/2019,102.3395,4085.847
4/11/2019,102.3788,3997.5778
4/12/2019,102.3881,3988.6168
4/15/2019,102.186,3975.5244
4/16/2019,102.0653,4085.7891
4/17/2019,100.2893,4087.2398
4/18/2019,100.4186,4072.0753
4/19/2019,100.4179,4120.6078
4/22/2019,100.3459,4025.6109
4/23/2019,100.3452,4019.0053
4/24/2019,100.2345,4030.0887
4/25/2019,100.2538,3941.816
4/26/2019,100.3232,3889.2748
4/29/2019,100.3111,3900.3339
4/30/2019,100.4604,3913.211
5/6/2019,100.6463,3684.6168
5/7/2019,100.6856,3720.6684
5/8/2019,100.7449,3667.4574
5/9/2019,100.8542,3599.7001
5/10/2019,100.8536,3730.4513
5/13/2019,100.9615,3668.7255
5/14/2019,100.9608,3645.1503
5/15/2019,100.9401,3727.0923
5/16/2019,101.0095,3743.9635
5/17/2019,101.0388,3648.7609
5/20/2019,100.9467,3617.7924
5/21/2019,100.926,3666.7762
5/22/2019,100.8753,3649.3796
5/23/2019,100.9947,3583.9646
5/24/2019,101.054,3593.9139
5/27/2019,100.9419,3637.1971
5/28/2019,101.0412,3672.2605
5/29/2019,101.1105,3663.909
5/30/2019,101.1699,3641.1833
5/31/2019,101.1792,3629.7893
6/3/2019,101.2671,3632.0127
6/4/2019,101.2964,3598.4666
6/5/2019,101.3358,3597.105
6/6/2019,101.4051,3564.6778
6/10/2019,101.3723,3610.7435
6/11/2019,101.2516,3719.2759
6/12/2019,101.251,3691.0957
6/13/2019,101.3403,3685.3933
6/14/2019,101.3396,3654.8799
6/17/2019,101.4875,3654.8248
6/18/2019,101.4168,3667.6185
6/19/2019,101.4562,3715.9381
6/20/2019,101.5055,3828.5183
6/21/2019,101.6248,3833.9383
6/24/2019,101.6827,3841.2659
6/25/2019,101.7321,3801.3098
6/26/2019,101.7514,3794.331
6/27/2019,101.7407,3834.8172
6/28/2019,101.82,3825.5873
7/1/2019,101.8279,3935.8116
7/2/2019,101.9973,3937.1691
7/3/2019,102.1266,3893.5341
7/4/2019,102.1359,3873.1019
7/5/2019,102.1952,3893.2025
7/8/2019,102.0932,3802.7897
7/9/2019,102.0825,3793.1297
7/10/2019,102.1018,3786.739
7/11/2019,102.1811,3785.221
7/12/2019,102.1504,3808.7311
7/15/2019,102.1684,3824.1878
7/16/2019,102.1477,3806.8449
7/17/2019,102.167,3804.6384
7/18/2019,102.2263,3768.4019
7/19/2019,102.1756,3807.9551
7/22/2019,102.2036,3781.6832
7/23/2019,102.2129,3789.9135
7/24/2019,102.2022,3819.8325
7/25/2019,102.2215,3851.0665
7/26/2019,102.2308,3858.5688
7/29/2019,102.2488,3854.2704
7/30/2019,102.2581,3870.3176
7/31/2019,102.3474,3835.3589
8/1/2019,102.3467,3803.4694
8/2/2019,102.456,3747.4379
8/5/2019,102.564,3675.6884
8/6/2019,102.6333,3636.3289
8/7/2019,102.6526,3621.431
8/8/2019,102.7619,3669.2936
8/9/2019,102.8512,3633.5296
8/12/2019,102.8492,3699.1047
8/13/2019,103.0185,3665.7515
8/14/2019,103.0578,3682.4015
8/15/2019,103.0571,3694.0006
8/16/2019,103.0664,3710.5386
8/19/2019,103.0844,3791.0946
8/20/2019,103.0737,3787.7324
8/21/2019,102.963,3781.7579
8/22/2019,103.0123,3793.5061
8/23/2019,102.9916,3820.8638
8/26/2019,103.0396,3765.9105
8/27/2019,103.0389,3816.9459
8/28/2019,103.0282,3802.5844
8/29/2019,103.1375,3790.1867
8/30/2019,103.0468,3799.5863
9/2/2019,102.9948,3848.3198
9/3/2019,102.8941,3853.6106
9/4/2019,103.0034,3886.0012
9/5/2019,103.1527,3925.323
9/6/2019,103.1821,3948.5075
9/9/2019,103.14,3972.9484
9/10/2019,103.0693,3959.265
9/11/2019,103.0586,3930.0999
9/12/2019,103.0679,3972.3799
9/16/2019,103.1052,3957.7154
9/17/2019,103.0745,3891.2208
9/18/2019,103.0438,3910.0837
9/19/2019,103.0332,3924.3823
9/20/2019,103.0825,3935.6511
9/23/2019,103.1104,3890.6616
9/24/2019,103.1497,3901.0758
9/25/2019,103.169,3870.9837
9/26/2019,103.1784,3841.1388
9/27/2019,103.2777,3852.6534
9/30/2019,103.3956,3814.5282
10/8/2019,103.4701,3837.6791
10/9/2019,103.4495,3843.2392
10/10/2019,103.4288,3874.6391
10/11/2019,103.3481,3911.7253
10/14/2019,103.356,3953.2411
10/15/2019,103.3653,3936.2498
10/16/2019,103.3747,3922.6854
10/17/2019,101.7593,3925.2216
10/18/2019,101.6986,3869.3777
10/21/2019,101.5966,3880.8398
10/22/2019,101.6559,3895.8809
10/23/2019,101.6352,3871.0848
10/24/2019,101.6745,3870.6678
10/25/2019,101.5838,3896.7923
10/28/2019,101.3418,3926.585
10/29/2019,101.2311,3910.226
10/30/2019,101.1304,3891.2255
10/31/2019,101.2797,3886.7519
11/1/2019,101.319,3952.3872
11/4/2019,101.227,3978.1216
11/5/2019,101.3863,4002.8128
11/6/2019,101.4756,3984.8816
11/7/2019,101.4349,3991.8749
11/8/2019,101.4242,3973.0107
11/11/2019,101.4422,3902.9783
11/12/2019,101.4215,3903.6888
11/13/2019,101.4408,3899.9815
11/14/2019,101.4501,3905.857
11/15/2019,101.4595,3877.0892
11/18/2019,101.6974,3907.9291
11/19/2019,101.8567,3947.0392
11/20/2019,101.846,3907.8641
11/21/2019,101.8353,3889.598
11/22/2019,101.9147,3849.9948
11/25/2019,101.8226,3878.2061
11/26/2019,101.8119,3891.6533
11/27/2019,101.7812,3875.6186
11/28/2019,101.8305,3862.3029
11/29/2019,101.8799,3828.6706
12/2/2019,101.8478,3836.0589
12/3/2019,101.8471,3851.0873
12/4/2019,101.9164,3849.819
12/5/2019,101.9458,3879.3638
12/6/2019,101.9051,3902.3853
12/9/2019,101.923,3895.4468
12/10/2019,101.9823,3900.3843
12/11/2019,102.0016,3902.7492
12/12/2019,102.061,3891.0242
12/13/2019,102.0203,3968.2211
12/16/2019,102.0082,3987.5464
12/17/2019,101.9575,4041.7996
12/18/2019,101.9168,4032.7826
12/19/2019,101.9762,4027.1495
12/20/2019,102.0755,4017.2527
12/23/2019,102.1534,3967.0962
12/24/2019,102.2527,3992.9581
12/25/2019,102.3021,3990.8671
12/26/2019,102.4114,4025.9879
12/27/2019,102.4607,4022.0278
12/30/2019,102.4886,4081.6334
12/31/2019,102.5679,4096.5821
1/2/2020,102.5766,4152.2408
1/3/2020,102.5859,4144.9649
1/6/2020,102.6038,4129.2954
1/7/2020,102.6232,4160.2274
1/8/2020,102.6125,4112.3172
1/9/2020,102.6518,4164.3697
1/10/2020,102.6911,4163.1849
1/13/2020,102.699,4203.9883
1/14/2020,102.7084,4189.8862
1/15/2020,102.6777,4166.7344
1/16/2020,102.707,4149.0434
1/17/2020,102.7763,4154.853
1/20/2020,102.8942,4185.8304
1/21/2020,102.9836,4114.3085
1/22/2020,103.0329,4131.9311
1/23/2020,103.0822,4003.9013
2/3/2020,103.3147,3688.3578
2/4/2020,103.264,3785.6376
2/5/2020,103.3933,3828.5272
2/6/2020,103.5926,3899.7751
2/7/2020,103.6019,3899.8693
2/10/2020,103.6699,3916.0052
2/11/2020,103.6892,3952.4643
2/12/2020,103.7285,3984.4325
2/13/2020,103.7578,3959.9188
2/14/2020,103.7171,3987.7342
2/17/2020,103.7351,4077.4241
2/18/2020,103.7244,4057.5108
2/19/2020,103.8337,4051.3107
2/20/2020,103.853,4144.6561
2/21/2020,103.9123,4149.4903
2/24/2020,103.9303,4132.8388
2/25/2020,103.9296,4123.8543
2/26/2020,103.9089,4073.0152
2/27/2020,103.9682,4084.8759
2/28/2020,103.9675,3940.0488
3/2/2020,103.9762,4069.6662
3/3/2020,104.0355,4091.3615
3/4/2020,104.1148,4115.0524
3/5/2020,104.1641,4206.7251
3/6/2020,104.2634,4138.5072
3/9/2020,104.4914,3997.1325
3/10/2020,104.4007,4082.7315
3/11/2020,104.45,4028.4289
3/12/2020,104.4693,3950.9111
3/13/2020,104.2386,3895.3128
3/16/2020,104.3966,3727.8398
3/17/2020,104.3559,3709.6822
3/18/2020,104.4252,3636.2565
3/19/2020,104.4145,3589.0926
3/20/2020,104.4338,3653.2239
3/23/2020,104.6618,3530.3058
3/24/2020,104.6811,3625.1146
3/25/2020,104.7904,3722.5181
3/26/2020,104.9697,3698.0472
3/27/2020,104.989,3710.0605
3/30/2020,105.077,3674.1108
3/31/2020,105.1963,3686.1551
4/1/2020,105.3556,3675.0758
4/2/2020,105.3649,3734.5306
4/3/2020,105.3742,3713.2183
4/7/2020,106.2915,3798.0214
4/8/2020,106.4508,3780.3445
4/9/2020,106.5001,3792.8105
4/10/2020,106.5995,3769.1782
4/13/2020,106.4574,3753.2566
4/14/2020,106.5367,3825.6991
4/15/2020,106.636,3797.3623
4/16/2020,106.6953,3802.3806
4/17/2020,104.9193,3839.4871
4/20/2020,104.9473,3853.4551
4/21/2020,105.1766,3808.0474
4/22/2020,105.4959,3839.3834
4/23/2020,105.6552,3829.7525
4/24/2020,105.7645,3796.9721
4/27/2020,105.8325,3822.769
4/28/2020,105.7518,3849.1465
4/29/2020,105.7311,3867.032
4/30/2020,105.7904,3912.5772
5/6/2020,105.4963,3936.2539
5/7/2020,105.3856,3924.8946
5/8/2020,105.3749,3963.6217
5/11/2020,104.9129,3960.1803
5/12/2020,105.0522,3960.2378
5/13/2020,105.0515,3968.2529
5/14/2020,105.0808,3925.2177
5/15/2020,105.1601,3912.8159
5/18/2020,104.9981,3922.9117
5/19/2020,104.8574,3956.2495
5/20/2020,104.8667,3935.222
5/21/2020,104.856,3913.7949
5/22/2020,104.9853,3824.064
5/25/2020,104.8833,3829.3245
5/26/2020,104.4126,3872.7701
5/27/2020,104.2719,3845.6135
5/28/2020,104.2712,3856.6324
5/29/2020,104.2105,3867.0232
6/1/2020,104.1085,3971.3402
6/2/2020,103.6178,3983.5677
6/3/2020,103.2871,3983.6477
6/4/2020,103.0564,3982.1851
6/5/2020,103.0558,4001.2509
6/8/2020,103.1937,4021.9549
6/9/2020,103.303,4047.0293
6/10/2020,103.3423,4039.7051
6/11/2020,103.3716,3995.8846
6/12/2020,103.461,4003.0829
6/15/2020,103.5689,3954.9883
6/16/2020,103.3982,4014.5702
6/17/2020,103.2975,4017.5941
6/18/2020,103.2868,4044.3842
6/19/2020,103.1562,4098.7095
6/22/2020,102.9941,4102.0459
6/23/2020,102.5734,4121.7944
6/24/2020,102.9727,4138.9895
6/29/2020,102.8993,4109.7164
6/30/2020,103.1486,4163.9637
7/1/2020,103.1079,4247.7835
7/2/2020,103.1473,4335.8445
7/3/2020,103.0366,4419.5955
7/6/2020,102.8545,4670.0949
7/7/2020,102.6738,4698.1264
7/8/2020,102.6032,4774.0042
7/9/2020,102.5225,4840.7712
7/10/2020,102.5618,4753.1333
7/13/2020,102.3697,4852.9612
7/14/2020,102.439,4806.6902
7/15/2020,102.6084,4744.4687
7/16/2020,102.7677,4516.2532
7/17/2020,102.837,4544.7007
7/20/2020,102.8749,4680.3046
7/21/2020,103.0242,4691.0425
7/22/2020,103.0236,4714.4454
7/23/2020,103.0229,4712.4357
7/24/2020,103.1322,4505.5906
7/27/2020,103.0401,4528.45
7/28/2020,103.0295,4568.2576
7/29/2020,102.9888,4679.008
7/30/2020,102.9181,4656.1506
7/31/2020,102.8674,4695.0462
8/3/2020,103.0853,4771.3108
8/4/2020,103.1047,4775.8024
8/5/2020,103.074,4777.1089
8/6/2020,103.0433,4762.7642
8/7/2020,103.0126,4707.9262
8/10/2020,103.0005,4724.8697
8/11/2020,102.9899,4681.7837
8/12/2020,102.9492,4647.6446
8/13/2020,102.9385,4635.7126
8/14/2020,102.9378,4704.6288
8/17/2020,103.0058,4815.2261
8/18/2020,103.0451,4812.7564
8/19/2020,103.0444,4740.6784
8/20/2020,103.0437,4679.1544
8/21/2020,103.023,4718.8431
8/24/2020,103.001,4755.8491
8/25/2020,102.8103,4761.9507
8/26/2020,102.7296,4706.1302
8/27/2020,102.6989,4731.3451
8/28/2020,102.7482,4844.2652
8/31/2020,102.7762,4816.2153
9/1/2020,102.7855,4842.1223
9/2/2020,102.7148,4843.887
9/3/2020,102.7141,4817.0952
9/4/2020,102.7034,4770.219
9/7/2020,102.6214,4669.3677
9/8/2020,102.6107,4694.3894
9/9/2020,102.72,4584.5887
9/10/2020,102.9193,4581.9775
9/11/2020,102.8786,4627.2826
9/14/2020,102.8066,4651.0507
9/15/2020,102.8859,4688.4826
9/16/2020,102.9052,4657.3584
9/17/2020,102.9345,4632.7142
9/18/2020,102.8938,4737.0887
9/21/2020,102.9318,4691.4281
9/22/2020,103.0611,4635.7608
9/23/2020,103.0004,4652.3273
9/24/2020,102.9997,4563.0657
9/25/2020,102.999,4570.0216
9/28/2020,103.007,4581.9085
9/29/2020,103.0763,4591.7993
9/30/2020,103.1456,4587.3953
10/9/2020,103.0595,4681.1412
10/12/2020,103.0474,4823.1578
10/13/2020,103.0267,4839.201
10/14/2020,102.986,4807.1021
10/15/2020,102.9153,4798.7361
10/16/2020,102.9047,4791.676
10/19/2020,101.2479,4755.4879
10/20/2020,101.1573,4793.4672
10/21/2020,101.2666,4792.8284
10/22/2020,101.3859,4777.9845
10/23/2020,101.3952,4718.4881
10/26/2020,101.3132,4691.2359
10/27/2020,101.3025,4699.2792
10/28/2020,101.2118,4737.2718
10/29/2020,101.2911,4772.9198
10/30/2020,101.3204,4695.3338
11/2/2020,101.3084,4720.8313
11/3/2020,101.3777,4777.5608
11/4/2020,101.407,4813.6564
11/5/2020,101.4363,4885.1118
11/6/2020,101.4656,4885.7178
11/9/2020,101.4236,4981.3497
11/10/2020,101.4029,4953.8756
11/11/2020,101.4022,4904.8981
11/12/2020,101.3815,4908.463
11/13/2020,101.3508,4856.8513
11/16/2020,101.3788,4904.1716
11/17/2020,101.3881,4894.786
11/18/2020,101.3474,4891.6716
11/19/2020,101.2367,4927.9891
11/20/2020,101.216,4943.2882
11/23/2020,101.204,5005.0273
11/24/2020,101.1033,4974.2855
11/25/2020,101.1726,4910.7
11/26/2020,101.2219,4919.5912
11/27/2020,101.2212,4980.765
11/30/2020,101.3392,4960.2519
12/1/2020,101.3985,5067.0983
12/2/2020,101.3578,5067.1447
12/3/2020,101.4071,5057.0603
12/4/2020,101.4164,5065.9163
12/7/2020,101.3744,5022.2351
12/8/2020,101.4237,5009.8786
12/9/2020,101.483,4942.6986
12/10/2020,101.6823,4940.5249
12/11/2020,101.5916,4889.6292
12/14/2020,101.5796,4934.8352
12/15/2020,101.6689,4945.1
12/16/2020,101.6682,4953.867
12/17/2020,101.6775,5017.4784
12/18/2020,101.6868,4999.9678
12/21/2020,101.7648,5046.8396
12/22/2020,102.0641,4964.7727
12/23/2020,102.0334,5007.1235
12/24/2020,101.9927,5000.0154
12/25/2020,102.0221,5042.0137
12/28/2020,102.02,5064.4147
12/29/2020,102.0493,5042.9361
12/30/2020,102.1286,5113.7105
12/31/2020,102.2179,5211.2885
1/4/2021,102.1152,5267.7181
1/5/2021,102.2045,5368.5049
1/6/2021,102.2238,5417.6677
1/7/2021,102.3432,5513.6568
1/8/2021,102.3225,5495.4306
1/11/2021,102.4004,5441.1583
1/12/2021,102.4897,5596.3525
1/13/2021,102.529,5577.9711
1/14/2021,102.5384,5470.4563
1/15/2021,102.4577,5458.0812
1/18/2021,102.3956,5518.5205
1/19/2021,102.4149,5437.5234
1/20/2021,102.3842,5476.4336
1/21/2021,102.3736,5564.9693
1/22/2021,102.4129,5569.776
1/25/2021,102.4208,5625.9232
1/26/2021,102.1501,5512.9678
1/27/2021,102.2495,5528.0034
1/28/2021,102.0988,5377.1427
1/29/2021,102.0781,5351.9646
2/1/2021,102.106,5417.6484
2/2/2021,102.1653,5501.0915
2/3/2021,102.1447,5485.2008
2/4/2021,102.084,5473.9475
2/5/2021,102.1233,5483.414
2/8/2021,102.2212,5564.5618
2/9/2021,102.2805,5686.2502
2/10/2021,102.3399,5807.7191
2/18/2021,102.3644,5768.3814
2/19/2021,102.4437,5778.842
2/22/2021,102.4616,5597.3327
2/23/2021,102.461,5579.6681
2/24/2021,102.4603,5437.5683
2/25/2021,102.4796,5469.5584
2/26/2021,102.4889,5336.7609
3/1/2021,102.5168,5418.7837
3/2/2021,102.5562,5349.6301
3/3/2021,102.5855,5452.2125
3/4/2021,102.5948,5280.7058
3/5/2021,102.6441,5262.7958
3/8/2021,102.6121,5080.0246
3/9/2021,102.5814,4970.9994
3/10/2021,102.5507,5003.6121
3/11/2021,102.54,5128.2156
3/12/2021,102.5893,5146.3786
3/15/2021,102.5973,5035.5441
3/16/2021,102.6166,5079.3624
3/17/2021,102.6459,5100.8581
3/18/2021,102.6552,5141.7681
3/19/2021,102.6745,5007.0907
3/22/2021,102.7025,5057.152
3/23/2021,102.7418,5009.2459
3/24/2021,102.7911,4928.6853
3/25/2021,102.7904,4926.3469
3/26/2021,102.7997,5037.9899
3/29/2021,102.8077,5046.8773
3/30/2021,102.827,5094.7291
3/31/2021,102.8463,5048.3607
4/1/2021,102.8456,5110.7768
4/2/2021,102.8649,5161.5569
4/6/2021,102.8522,5140.3418
4/7/2021,102.8715,5103.7428
4/8/2021,102.9008,5112.2086
4/9/2021,102.9301,5035.3374
4/12/2021,102.9481,4947.7459
4/13/2021,103.0074,4939.6438
4/14/2021,103.0267,4980.6279
4/15/2021,103.046,4948.9741
4/16/2021,103.0453,4966.1811
4/19/2021,101.4179,5087.0165
4/20/2021,101.4373,5083.3654
4/21/2021,101.4366,5098.7449
4/22/2021,101.4159,5089.2435
4/23/2021,101.4852,5135.4534
4/26/2021,101.4832,5077.2372
4/27/2021,101.4925,5090.5195
4/28/2021,101.5118,5119.2421
4/29/2021,101.5311,5164.1692
4/30/2021,101.6804,5123.489
5/6/2021,101.6863,5061.1244
5/7/2021,101.6956,4996.0527
5/10/2021,101.7236,4992.422
5/11/2021,101.7529,5023.0595
5/12/2021,101.7922,5044.5481
5/13/2021,101.7415,4992.9738
5/14/2021,101.7608,5110.5901
5/17/2021,101.7488,5184.9853
5/18/2021,101.7581,5187.6013
5/19/2021,101.7374,5172.272
5/20/2021,101.8267,5186.412
5/21/2021,101.846,5134.1483
5/24/2021,101.824,5155.5875
5/25/2021,101.8333,5318.478
5/26/2021,101.8926,5320.5927
5/27/2021,101.8719,5338.2329
5/28/2021,101.8712,5321.0886
5/31/2021,101.9692,5331.5696
6/1/2021,101.9685,5341.6798
6/2/2021,101.8578,5289.9736
6/3/2021,101.8671,5255.2855
6/4/2021,101.9264,5282.2772
6/7/2021,101.8744,5277.6271
6/8/2021,101.8937,5232.1165
6/9/2021,101.853,5236.4493
6/10/2021,101.9123,5271.4661
6/11/2021,101.8816,5224.703
6/15/2021,101.9089,5166.5597
6/16/2021,101.8682,5080.4909
6/17/2021,101.8175,5101.8924
6/18/2021,101.8168,5102.4657
6/21/2021,101.8548,5090.3854
6/22/2021,101.8541,5122.1583
6/23/2021,101.8834,5147.3938
6/24/2021,101.9327,5155.9738
6/25/2021,101.9821,5239.9684
6/28/2021,101.98,5251.7604
6/29/2021,101.9993,5190.5445
6/30/2021,102.1086,5224.041
7/1/2021,102.1179,5229.6642
7/2/2021,102.1273,5081.1172
7/5/2021,102.0752,5085.7924
7/6/2021,102.1145,5083.1043
7/7/2021,102.1538,5140.4899
7/8/2021,102.2732,5088.2566
7/9/2021,102.2825,5069.4361
7/12/2021,102.5004,5132.7088
7/13/2021,102.5497,5142.0991
7/14/2021,102.609,5083.0849
7/15/2021,102.5584,5151.4626
7/16/2021,102.5877,5094.7727
7/19/2021,102.6056,5113.4945
7/20/2021,102.6149,5108.9941
7/21/2021,102.5942,5144.0428
7/22/2021,102.6136,5151.7517
7/23/2021,102.6929,5089.2282
7/26/2021,102.7808,4925.299
7/27/2021,102.7601,4751.313
7/28/2021,102.7095,4760.4826
7/29/2021,102.7288,4850.2746
7/30/2021,102.7581,4811.1695
8/2/2021,102.866,4933.736
8/3/2021,102.8453,4934.4583
8/4/2021,102.8447,4978.8479
8/5/2021,102.854,4948.6703
8/6/2021,102.8433,4921.5647
8/9/2021,102.8012,4985.5627
8/10/2021,102.7705,5043.148
8/11/2021,102.7799,5015.3406
8/12/2021,102.8592,4973.3509
8/13/2021,102.8985,4945.9829
8/16/2021,102.9164,4941.0676
8/17/2021,102.9958,4837.4034
8/18/2021,103.0551,4894.2384
8/19/2021,103.0444,4862.1394
8/20/2021,102.9737,4769.2678
8/23/2021,102.9616,4835.8782
8/24/2021,102.981,4888.3902
8/25/2021,102.9803,4898.1572
8/26/2021,102.9896,4801.6094
8/27/2021,103.0189,4827.0433
8/30/2021,102.9768,4813.2703
8/31/2021,103.0662,4805.6099
9/1/2021,103.0455,4869.4587
9/2/2021,103.0848,4869.4113
9/3/2021,103.0441,4843.0624
9/6/2021,103.0621,4933.7262
9/7/2021,103.0714,4992.8294
9/8/2021,103.0607,4972.1324
9/9/2021,103.09,4970.0133
9/10/2021,103.0993,5013.5219
9/13/2021,103.1373,4991.6598
9/14/2021,103.1466,4917.1617
9/15/2021,103.1659,4867.3187
9/16/2021,103.1252,4807.6978
9/17/2021,103.1645,4855.9402
9/22/2021,103.1911,4821.7675
9/23/2021,103.2104,4853.1957
9/24/2021,103.1997,4849.4277
9/27/2021,103.1977,4877.3698
9/28/2021,103.187,4883.828
9/29/2021,103.0663,4833.9281
9/30/2021,103.2056,4866.3826
10/8/2021,103.1801,4929.9409
10/11/2021,103.0181,4936.1918
10/12/2021,103.0674,4883.8369
10/13/2021,103.1167,4940.1089
10/14/2021,103.136,4913.6123
10/15/2021,103.1853,4932.1084
10/18/2021,101.4686,4874.7753
10/19/2021,101.4979,4922.7232
10/20/2021,101.5173,4910.1846
10/21/2021,101.5366,4928.0156
10/22/2021,101.5459,4959.7254
10/25/2021,101.6838,4979.5235
10/26/2021,101.6432,4963.0984
10/27/2021,101.6125,4898.1644
10/28/2021,101.6318,4864.138
10/29/2021,101.6211,4908.7701
11/1/2021,101.619,4890.6851
11/2/2021,101.6784,4839.8457
11/3/2021,101.6677,4821.1119
11/4/2021,101.667,4868.7419
11/5/2021,101.7163,4842.3458
11/8/2021,101.7342,4848.1795
11/9/2021,101.7236,4846.7444
11/10/2021,101.7429,4821.1925
11/11/2021,101.7422,4898.6529
11/12/2021,101.7315,4888.3749
11/15/2021,101.7495,4882.3777
11/16/2021,101.7588,4883.3206
11/17/2021,101.7881,4885.7544
11/18/2021,101.7774,4837.6185
11/19/2021,101.8067,4890.0575
11/22/2021,101.8747,4912.399
11/23/2021,101.854,4913.3457
11/24/2021,101.8433,4916.6579
11/25/2021,101.8326,4896.4416
11/26/2021,101.8619,4860.1265
11/29/2021,101.8599,4851.423
11/30/2021,101.8492,4832.026
12/1/2021,101.8885,4843.851
12/2/2021,101.8678,4856.163
12/3/2021,101.8671,4901.0175
12/6/2021,101.9751,4892.6209
12/7/2021,101.9844,4922.1015
12/8/2021,101.9537,4995.9298
12/9/2021,101.983,5078.6901
12/10/2021,101.9723,5055.1172
12/13/2021,101.9503,5083.8007
12/14/2021,101.9496,5049.6953
12/15/2021,101.9589,5005.8991
12/16/2021,101.9682,5034.7321
12/17/2021,101.9575,4954.7599
12/20/2021,101.9455,4880.4178
12/21/2021,101.9348,4913.4853
12/22/2021,101.9241,4914.4544
12/23/2021,101.9034,4948.7389
12/24/2021,101.9427,4921.3449
12/27/2021,101.9707,4919.3238
12/28/2021,101.97,4955.9644
12/29/2021,101.9593,4883.4804
12/30/2021,102.0186,4921.5109
12/31/2021,102.0879,4940.3733
1/4/2022,102.1252,4917.7653
1/5/2022,102.1245,4868.1202
1/6/2022,102.1138,4818.2318
1/7/2022,102.1432,4822.3689
1/10/2022,102.2611,4844.0451
1/11/2022,102.2404,4797.7735
1/12/2022,102.2697,4845.5787
1/13/2022,102.249,4765.9191
1/14/2022,102.2484,4726.7317
1/17/2022,102.3563,4767.2762
1/18/2022,102.4256,4813.3472
1/19/2022,102.4549,4780.3784
1/20/2022,102.4942,4823.5091
1/21/2022,102.6636,4779.3142
1/24/2022,102.6915,4786.7377
1/25/2022,102.5008,4678.4511
1/26/2022,102.5301,4712.3109
