,open,high,low,close,volume,expma_expma
2021-12-14 09:30:00,6.93,6.94,6.84,6.9,1519100.0,6.9718483
2021-12-14 09:31:00,6.88,6.95,6.88,6.94,567100.0,6.9669486
2021-12-14 09:32:00,6.95,6.95,6.91,6.91,403200.0,6.9581873
2021-12-14 09:33:00,6.92,6.93,6.88,6.89,539000.0,6.9476969
2021-12-14 09:34:00,6.89,6.9,6.87,6.89,475300.0,6.9388205
2021-12-14 09:35:00,6.9,6.9,6.89,6.89,265800.0,6.9313096
2021-12-14 09:36:00,6.89,6.93,6.89,6.93,516209.0,6.9311081
2021-12-14 09:37:00,6.94,6.95,6.92,6.94,93900.0,6.9324761
2021-12-14 09:38:00,6.94,6.95,6.94,6.94,179200.0,6.9336336
2021-12-14 09:39:00,6.94,6.94,6.93,6.94,122400.0,6.9346131
2021-12-14 09:40:00,6.94,6.94,6.92,6.92,74600.0,6.9323649
2021-12-14 09:41:00,6.93,6.94,6.9,6.93,1119200.0,6.9320011
2021-12-14 09:42:00,6.92,6.96,6.92,6.95,183600.0,6.9347702
2021-12-14 09:43:00,6.96,6.97,6.95,6.96,204300.0,6.9386517
2021-12-14 09:44:00,6.95,6.98,6.95,6.98,298400.0,6.9450129
2021-12-14 09:45:00,6.98,7.0,6.97,7.0,370300.0,6.9534725
2021-12-14 09:46:00,7.0,7.01,6.98,6.98,285660.0,6.9575537
2021-12-14 09:47:00,6.98,6.99,6.98,6.98,111300.0,6.9610069
2021-12-14 09:48:00,6.99,6.99,6.98,6.99,108900.0,6.9654674
2021-12-14 09:49:00,7.0,7.0,6.98,6.98,155700.0,6.9677032
2021-12-14 09:50:00,6.98,6.98,6.97,6.98,103600.0,6.969595
2021-12-14 09:51:00,6.98,6.98,6.96,6.96,105300.0,6.9681189
2021-12-14 09:52:00,6.97,6.97,6.96,6.96,69400.0,6.9668698
2021-12-14 09:53:00,6.96,6.98,6.96,6.96,68800.0,6.9658129
2021-12-14 09:54:00,6.96,6.96,6.93,6.94,183500.0,6.9618417
2021-12-14 09:55:00,6.94,6.94,6.93,6.93,77000.0,6.956943
2021-12-14 09:56:00,6.93,6.94,6.92,6.93,135400.0,6.9527979
2021-12-14 09:57:00,6.93,6.94,6.92,6.93,87100.0,6.9492905
2021-12-14 09:58:00,6.93,6.94,6.92,6.93,81100.0,6.9463228
2021-12-14 09:59:00,6.93,6.94,6.92,6.94,66200.0,6.94535
2021-12-14 10:00:00,6.94,6.94,6.92,6.92,106600.0,6.94145
2021-12-14 10:01:00,6.92,6.93,6.92,6.93,89200.0,6.9396885
2021-12-14 10:02:00,6.93,6.94,6.92,6.94,61500.0,6.9397364
2021-12-14 10:03:00,6.93,6.94,6.92,6.93,129400.0,6.9382385
2021-12-14 10:04:00,6.93,6.93,6.92,6.92,160700.0,6.9354326
2021-12-14 10:05:00,6.93,6.93,6.92,6.92,94900.0,6.9330583
2021-12-14 10:06:00,6.92,6.92,6.9,6.91,214500.0,6.9295109
2021-12-14 10:07:00,6.9,6.91,6.9,6.91,167500.0,6.9265092
2021-12-14 10:08:00,6.9,6.92,6.89,6.91,451300.0,6.9239693
2021-12-14 10:09:00,6.91,6.92,6.9,6.92,45500.0,6.9233587
2021-12-14 10:10:00,6.92,6.94,6.92,6.94,81200.0,6.9259189
2021-12-14 10:11:00,6.94,6.94,6.93,6.93,36900.0,6.9265467
2021-12-14 10:12:00,6.93,6.93,6.92,6.92,16200.0,6.9255396
2021-12-14 10:13:00,6.92,6.92,6.92,6.92,38900.0,6.9246873
2021-12-14 10:14:00,6.91,6.93,6.91,6.92,43300.0,6.9239662
2021-12-14 10:15:00,6.92,6.92,6.9,6.91,140500.0,6.9218175
2021-12-14 10:16:00,6.9,6.91,6.9,6.91,32700.0,6.9199995
2021-12-14 10:17:00,6.91,6.91,6.89,6.89,206500.0,6.9153842
2021-12-14 10:18:00,6.89,6.9,6.89,6.89,150200.0,6.9114789
2021-12-14 10:19:00,6.9,6.9,6.88,6.89,215500.0,6.9081745
2021-12-14 10:20:00,6.88,6.89,6.88,6.88,219300.0,6.9038399
2021-12-14 10:21:00,6.89,6.89,6.88,6.89,163073.0,6.9017107
2021-12-14 10:22:00,6.88,6.89,6.87,6.87,95200.0,6.8968321
2021-12-14 10:23:00,6.87,6.89,6.87,6.88,88058.0,6.8942426
2021-12-14 10:24:00,6.89,6.9,6.89,6.89,42300.0,6.8935899
2021-12-14 10:25:00,6.9,6.91,6.89,6.91,51000.0,6.8961145
2021-12-14 10:26:00,6.9,6.91,6.9,6.9,50900.0,6.8967123
2021-12-14 10:27:00,6.9,6.91,6.89,6.9,110600.0,6.8972181
2021-12-14 10:28:00,6.9,6.9,6.89,6.89,28600.0,6.8961076
2021-12-14 10:29:00,6.89,6.9,6.89,6.9,158000.0,6.8967064
2021-12-14 10:30:00,6.9,6.9,6.88,6.88,263000.0,6.8941362
2021-12-14 10:31:00,6.88,6.9,6.88,6.89,121900.0,6.8934999
2021-12-14 10:32:00,6.9,6.9,6.89,6.89,55800.0,6.8929614
2021-12-14 10:33:00,6.9,6.9,6.89,6.89,73600.0,6.8925058
2021-12-14 10:34:00,6.9,6.9,6.89,6.9,102400.0,6.8936588
2021-12-14 10:35:00,6.89,6.9,6.89,6.89,40300.0,6.8930959
2021-12-14 10:36:00,6.9,6.9,6.89,6.9,154800.0,6.8941581
2021-12-14 10:37:00,6.9,6.91,6.9,6.9,26000.0,6.8950568
2021-12-14 10:38:00,6.91,6.92,6.9,6.9,40800.0,6.8958173
2021-12-14 10:39:00,6.92,6.92,6.9,6.91,59000.0,6.8979993
2021-12-14 10:40:00,6.9,6.92,6.9,6.9,55900.0,6.8983071
2021-12-14 10:41:00,6.92,6.92,6.9,6.92,37800.0,6.9016444
2021-12-14 10:42:00,6.93,6.93,6.9,6.91,73000.0,6.9029299
2021-12-14 10:43:00,6.91,6.91,6.9,6.9,8900.0,6.9024792
2021-12-14 10:44:00,6.9,6.91,6.9,6.9,39200.0,6.9020978
2021-12-14 10:45:00,6.91,6.91,6.9,6.91,8800.0,6.9033135
2021-12-14 10:46:00,6.91,6.91,6.9,6.9,36500.0,6.9028037
2021-12-14 10:47:00,6.91,6.91,6.91,6.91,33500.0,6.9039108
2021-12-14 10:48:00,6.91,6.91,6.9,6.9,120100.0,6.9033092
2021-12-14 10:49:00,6.9,6.9,6.89,6.89,67300.0,6.9012616
2021-12-14 10:50:00,6.89,6.9,6.89,6.89,29700.0,6.8995291
2021-12-14 10:51:00,6.9,6.9,6.89,6.89,176600.0,6.898063
2021-12-14 10:52:00,6.89,6.89,6.88,6.88,70200.0,6.8952841
2021-12-14 10:53:00,6.89,6.9,6.88,6.89,16900.0,6.8944712
2021-12-14 10:54:00,6.89,6.9,6.89,6.89,40900.0,6.8937833
2021-12-14 10:55:00,6.88,6.9,6.88,6.9,16200.0,6.8947397
2021-12-14 10:56:00,6.88,6.89,6.88,6.88,11500.0,6.8924721
2021-12-14 10:57:00,6.88,6.89,6.88,6.89,123400.0,6.8920918
2021-12-14 10:58:00,6.88,6.89,6.88,6.89,25300.0,6.8917699
2021-12-14 10:59:00,6.88,6.9,6.88,6.89,116300.0,6.8914976
2021-12-14 11:00:00,6.89,6.89,6.89,6.89,69400.0,6.8912672
2021-12-14 11:01:00,6.88,6.9,6.88,6.89,48320.0,6.8910723
2021-12-14 11:02:00,6.9,6.9,6.89,6.9,82800.0,6.8924458
2021-12-14 11:03:00,6.89,6.9,6.88,6.88,31680.0,6.890531
2021-12-14 11:04:00,6.89,6.89,6.88,6.89,8500.0,6.8904493
2021-12-14 11:05:00,6.9,6.9,6.89,6.9,16600.0,6.8919187
2021-12-14 11:06:00,6.89,6.9,6.89,6.89,44400.0,6.8916235
2021-12-14 11:07:00,6.9,6.9,6.89,6.9,31900.0,6.8929122
2021-12-14 11:08:00,6.9,6.91,6.9,6.91,59500.0,6.8955411
2021-12-14 11:09:00,6.91,6.92,6.9,6.91,49000.0,6.8977655
2021-12-14 11:10:00,6.9,6.91,6.9,6.9,79000.0,6.8981093
2021-12-14 11:11:00,6.9,6.9,6.89,6.9,19000.0,6.8984002
2021-12-14 11:12:00,6.9,6.92,6.9,6.91,36500.0,6.9001848
2021-12-14 11:13:00,6.92,6.92,6.91,6.91,38400.0,6.9016948
2021-12-14 11:14:00,6.91,6.92,6.91,6.92,62000.0,6.904511
2021-12-14 11:15:00,6.92,6.92,6.9,6.9,154700.0,6.903817
2021-12-14 11:16:00,6.9,6.9,6.89,6.9,54500.0,6.9032298
2021-12-14 11:17:00,6.9,6.9,6.9,6.9,19600.0,6.9027329
2021-12-14 11:18:00,6.9,6.91,6.89,6.91,104700.0,6.9038509
2021-12-14 11:19:00,6.9,6.92,6.9,6.92,16900.0,6.9063354
2021-12-14 11:20:00,6.91,6.91,6.91,6.91,24300.0,6.9068992
2021-12-14 11:21:00,6.9,6.92,6.9,6.92,24600.0,6.9089147
2021-12-14 11:22:00,6.9,6.91,6.9,6.9,47000.0,6.9075432
2021-12-14 11:23:00,6.9,6.91,6.9,6.91,58400.0,6.9079212
2021-12-14 11:24:00,6.91,6.91,6.91,6.91,19900.0,6.908241
2021-12-14 11:25:00,6.91,6.91,6.9,6.9,16800.0,6.9069731
2021-12-14 11:26:00,6.9,6.91,6.9,6.91,9800.0,6.9074388
2021-12-14 11:27:00,6.9,6.91,6.9,6.91,12500.0,6.9078328
2021-12-14 11:28:00,6.91,6.92,6.9,6.91,27000.0,6.9081663
2021-12-14 11:29:00,6.91,6.92,6.9,6.91,52500.0,6.9084484
2021-12-14 11:30:00,,,,,0.0,
2021-12-14 13:00:00,6.91,6.91,6.9,6.91,229330.0,6.9086871
2021-12-14 13:01:00,6.91,6.91,6.9,6.91,12300.0,6.9088891
2021-12-14 13:02:00,6.91,6.91,6.89,6.89,234870.0,6.9059831
2021-12-14 13:03:00,6.89,6.9,6.89,6.89,34630.0,6.9035241
2021-12-14 13:04:00,6.89,6.9,6.89,6.9,67800.0,6.902982
2021-12-14 13:05:00,6.9,6.9,6.89,6.89,85000.0,6.9009847
2021-12-14 13:06:00,6.9,6.91,6.89,6.9,23500.0,6.9008332
2021-12-14 13:07:00,6.9,6.91,6.9,6.91,57000.0,6.9022435
2021-12-14 13:08:00,6.9,6.91,6.9,6.9,73300.0,6.9018984
2021-12-14 13:09:00,6.9,6.92,6.9,6.91,105800.0,6.9031448
2021-12-14 13:10:00,6.92,6.93,6.92,6.93,133800.0,6.9072763
2021-12-14 13:11:00,6.93,6.97,6.92,6.93,283800.0,6.9107723
2021-12-14 13:12:00,6.94,6.98,6.93,6.96,170700.0,6.9183458
2021-12-14 13:13:00,6.96,6.97,6.95,6.97,399800.0,6.9262926
2021-12-14 13:14:00,6.97,6.99,6.97,6.98,196770.0,6.9345553
2021-12-14 13:15:00,6.98,6.99,6.98,6.98,81500.0,6.9415468
2021-12-14 13:16:00,6.98,6.98,6.96,6.97,45800.0,6.9459242
2021-12-14 13:17:00,6.97,6.98,6.97,6.98,83500.0,6.9511666
2021-12-14 13:18:00,6.98,6.98,6.97,6.97,163200.0,6.9540641
2021-12-14 13:19:00,6.97,6.98,6.96,6.98,60300.0,6.9580542
2021-12-14 13:20:00,6.97,6.97,6.96,6.96,95600.0,6.9583536
2021-12-14 13:21:00,6.96,6.98,6.95,6.98,101500.0,6.9616838
2021-12-14 13:22:00,6.96,6.98,6.96,6.98,68100.0,6.9645017
2021-12-14 13:23:00,6.98,6.98,6.97,6.97,100000.0,6.9653476
2021-12-14 13:24:00,6.96,6.97,6.96,6.97,56900.0,6.9660633
2021-12-14 13:25:00,6.97,6.98,6.96,6.98,143000.0,6.9682074
2021-12-14 13:26:00,6.98,7.01,6.98,7.01,441690.0,6.9746371
2021-12-14 13:27:00,7.0,7.01,6.99,7.01,204800.0,6.9800775
2021-12-14 13:28:00,7.0,7.04,6.99,7.03,581800.0,6.9877579
2021-12-14 13:29:00,7.01,7.05,7.01,7.04,330000.0,6.9957951
2021-12-14 13:30:00,7.04,7.06,7.03,7.06,410200.0,7.0056728
2021-12-14 13:31:00,7.06,7.07,7.05,7.06,451200.0,7.0140308
2021-12-14 13:32:00,7.06,7.08,7.05,7.07,314800.0,7.0226415
2021-12-14 13:33:00,7.07,7.11,7.07,7.1,962137.0,7.0345428
2021-12-14 13:34:00,7.1,7.1,7.08,7.09,461573.0,7.0430747
2021-12-14 13:35:00,7.09,7.09,7.07,7.07,218900.0,7.047217
2021-12-14 13:36:00,7.07,7.07,7.06,7.06,145600.0,7.0491836
2021-12-14 13:37:00,7.07,7.07,7.05,7.07,89100.0,7.0523862
2021-12-14 13:38:00,7.06,7.07,7.06,7.07,204150.0,7.055096
2021-12-14 13:39:00,7.07,7.07,7.06,7.06,103400.0,7.0558504
2021-12-14 13:40:00,7.06,7.06,7.04,7.05,139300.0,7.0549504
2021-12-14 13:41:00,7.05,7.06,7.04,7.04,66500.0,7.0526503
2021-12-14 13:42:00,7.05,7.07,7.05,7.07,150900.0,7.0553195
2021-12-14 13:43:00,7.06,7.06,7.05,7.05,44300.0,7.0545011
2021-12-14 13:44:00,7.04,7.07,7.04,7.07,115800.0,7.0568856
2021-12-14 13:45:00,7.07,7.08,7.06,7.07,231900.0,7.0589032
2021-12-14 13:46:00,7.07,7.07,7.06,7.06,130600.0,7.0590719
2021-12-14 13:47:00,7.06,7.07,7.06,7.06,41200.0,7.0592147
2021-12-14 13:48:00,7.06,7.07,7.06,7.06,62500.0,7.0593355
2021-12-14 13:49:00,7.06,7.07,7.05,7.05,27200.0,7.0578993
2021-12-14 13:50:00,7.05,7.06,7.04,7.06,58700.0,7.0582225
2021-12-14 13:51:00,7.05,7.06,7.05,7.05,76600.0,7.0569575
2021-12-14 13:52:00,7.05,7.05,7.03,7.03,143200.0,7.0528102
2021-12-14 13:53:00,7.03,7.05,7.03,7.04,115300.0,7.0508394
2021-12-14 13:54:00,7.04,7.04,7.03,7.04,181200.0,7.0491718
2021-12-14 13:55:00,7.04,7.05,7.04,7.04,71500.0,7.0477607
2021-12-14 13:56:00,7.04,7.04,7.02,7.02,56700.0,7.0434899
2021-12-14 13:57:00,7.04,7.04,7.02,7.03,52800.0,7.0414145
2021-12-14 13:58:00,7.04,7.04,7.03,7.04,41300.0,7.0411969
2021-12-14 13:59:00,7.04,7.05,7.03,7.04,65300.0,7.0410127
2021-12-14 14:00:00,7.04,7.04,7.03,7.04,56100.0,7.0408569
2021-12-14 14:01:00,7.03,7.05,7.03,7.03,115600.0,7.0391866
2021-12-14 14:02:00,7.04,7.05,7.04,7.05,86400.0,7.0408502
2021-12-14 14:03:00,7.05,7.05,7.04,7.04,142000.0,7.0407194
2021-12-14 14:04:00,7.04,7.05,7.04,7.04,58300.0,7.0406088
2021-12-14 14:05:00,7.04,7.04,7.03,7.03,61400.0,7.0389766
2021-12-14 14:06:00,7.03,7.04,7.03,7.04,47100.0,7.0391341
2021-12-14 14:07:00,7.03,7.04,7.03,7.03,32800.0,7.0377288
2021-12-14 14:08:00,7.03,7.04,7.03,7.03,74300.0,7.0365398
2021-12-14 14:09:00,7.04,7.04,7.03,7.03,55100.0,7.0355337
2021-12-14 14:10:00,7.03,7.04,7.03,7.03,110200.0,7.0346823
2021-12-14 14:11:00,7.03,7.03,7.02,7.02,151200.0,7.0324235
2021-12-14 14:12:00,7.02,7.02,7.01,7.01,44600.0,7.0289737
2021-12-14 14:13:00,7.02,7.03,7.01,7.03,54468.0,7.0291316
2021-12-14 14:14:00,7.03,7.03,7.02,7.03,92232.0,7.0292652
2021-12-14 14:15:00,7.02,7.03,7.02,7.02,110900.0,7.0278398
2021-12-14 14:16:00,7.02,7.02,7.01,7.01,113500.0,7.0250952
2021-12-14 14:17:00,7.0,7.01,7.0,7.01,64700.0,7.0227729
2021-12-14 14:18:00,7.01,7.02,7.0,7.02,87599.0,7.0223463
2021-12-14 14:19:00,7.02,7.02,7.01,7.02,54300.0,7.0219853
2021-12-14 14:20:00,7.02,7.02,7.02,7.02,56000.0,7.0216799
2021-12-14 14:21:00,7.01,7.02,7.01,7.02,44100.0,7.0214214
2021-12-14 14:22:00,7.02,7.02,7.02,7.02,183700.0,7.0212028
2021-12-14 14:23:00,7.02,7.02,7.02,7.02,24000.0,7.0210177
2021-12-14 14:24:00,7.02,7.03,7.02,7.03,29200.0,7.0223996
2021-12-14 14:25:00,7.02,7.03,7.02,7.03,43200.0,7.0235689
2021-12-14 14:26:00,7.03,7.03,7.01,7.02,77100.0,7.0230198
2021-12-14 14:27:00,7.02,7.02,7.01,7.01,28200.0,7.0210168
2021-12-14 14:28:00,7.01,7.02,7.01,7.02,103400.0,7.0208604
2021-12-14 14:29:00,7.02,7.02,7.01,7.02,38700.0,7.020728
2021-12-14 14:30:00,7.02,7.03,7.01,7.02,54200.0,7.020616
2021-12-14 14:31:00,7.02,7.03,7.02,7.03,54600.0,7.0220597
2021-12-14 14:32:00,7.02,7.04,7.02,7.03,391100.0,7.0232813
2021-12-14 14:33:00,7.03,7.04,7.03,7.04,70300.0,7.0258534
2021-12-14 14:34:00,7.03,7.06,7.03,7.04,209000.0,7.0280298
2021-12-14 14:35:00,7.04,7.06,7.04,7.05,233600.0,7.0314098
2021-12-14 14:36:00,7.06,7.06,7.04,7.04,120000.0,7.0327314
2021-12-14 14:37:00,7.04,7.05,7.04,7.05,30200.0,7.0353881
2021-12-14 14:38:00,7.05,7.05,7.04,7.05,25700.0,7.0376361
2021-12-14 14:39:00,7.04,7.05,7.04,7.04,75000.0,7.0379998
2021-12-14 14:40:00,7.05,7.06,7.04,7.05,137700.0,7.039846
2021-12-14 14:41:00,7.06,7.07,7.05,7.07,104400.0,7.044485
2021-12-14 14:42:00,7.06,7.07,7.05,7.06,104800.0,7.046872
2021-12-14 14:43:00,7.06,7.08,7.06,7.07,274400.0,7.0504301
2021-12-14 14:44:00,7.07,7.07,7.05,7.06,100100.0,7.0519024
2021-12-14 14:45:00,7.06,7.07,7.05,7.06,258674.0,7.0531482
2021-12-14 14:46:00,7.05,7.07,7.05,7.06,72300.0,7.0542023
2021-12-14 14:47:00,7.06,7.06,7.05,7.05,49100.0,7.0535558
2021-12-14 14:48:00,7.05,7.06,7.04,7.04,304326.0,7.0514703
2021-12-14 14:49:00,7.05,7.05,7.04,7.04,106900.0,7.0497056
2021-12-14 14:50:00,7.05,7.05,7.04,7.04,223500.0,7.0482125
2021-12-14 14:51:00,7.05,7.05,7.04,7.04,100300.0,7.046949
2021-12-14 14:52:00,7.05,7.05,7.04,7.05,66300.0,7.0474184
2021-12-14 14:53:00,7.05,7.06,7.05,7.05,354100.0,7.0478156
2021-12-14 14:54:00,7.06,7.07,7.05,7.06,168200.0,7.0496901
2021-12-14 14:55:00,7.06,7.07,7.06,7.07,250500.0,7.0528147
2021-12-14 14:56:00,7.06,7.07,7.05,7.07,173989.0,7.0554586
2021-12-14 14:57:00,,,,,0.0,
2021-12-14 14:58:00,,,,,0.0,
2021-12-14 14:59:00,,,,,0.0,
2021-12-14 15:00:00,7.06,7.06,7.06,7.06,523599.0,7.0561573
2021-12-15 09:30:00,7.03,7.11,7.03,7.08,582573.0,7.0598254
2021-12-15 09:31:00,7.07,7.09,7.07,7.08,308200.0,7.0629292
2021-12-15 09:32:00,7.08,7.08,7.06,7.06,155200.0,7.0624785
2021-12-15 09:33:00,7.06,7.09,7.06,7.09,251000.0,7.0667126
2021-12-15 09:34:00,7.08,7.1,7.08,7.09,221600.0,7.0702953
2021-12-15 09:35:00,7.09,7.09,7.08,7.09,171800.0,7.0733268
2021-12-15 09:36:00,7.09,7.11,7.08,7.11,542030.0,7.0789688
2021-12-15 09:37:00,7.1,7.1,7.07,7.09,514200.0,7.0806659
2021-12-15 09:38:00,7.09,7.09,7.08,7.08,123100.0,7.0805635
2021-12-15 09:39:00,7.08,7.08,7.05,7.05,233400.0,7.0758614
2021-12-15 09:40:00,7.05,7.05,7.04,7.05,169800.0,7.0718827
2021-12-15 09:41:00,7.05,7.06,7.05,7.05,103770.0,7.0685162
2021-12-15 09:42:00,7.05,7.05,7.01,7.03,260430.0,7.0625906
2021-12-15 09:43:00,7.04,7.04,7.02,7.02,153670.0,7.0560382
2021-12-15 09:44:00,7.02,7.03,7.02,7.03,216700.0,7.0520323
2021-12-15 09:45:00,7.02,7.04,7.02,7.04,108800.0,7.0501812
2021-12-15 09:46:00,7.04,7.05,7.03,7.05,265100.0,7.0501533
2021-12-15 09:47:00,7.05,7.06,7.04,7.06,150700.0,7.0516682
2021-12-15 09:48:00,7.06,7.07,7.05,7.07,71100.0,7.0544885
2021-12-15 09:49:00,7.06,7.07,7.06,7.06,58800.0,7.0553364
2021-12-15 09:50:00,7.06,7.11,7.06,7.11,412337.0,7.0637462
2021-12-15 09:51:00,7.11,7.11,7.09,7.09,212963.0,7.0677852
2021-12-15 09:52:00,7.1,7.1,7.09,7.09,53700.0,7.0712029
2021-12-15 09:53:00,7.09,7.1,7.09,7.1,52800.0,7.0756332
2021-12-15 09:54:00,7.1,7.1,7.08,7.09,93700.0,7.0778435
2021-12-15 09:55:00,7.09,7.1,7.08,7.1,33000.0,7.0812522
2021-12-15 09:56:00,7.09,7.1,7.09,7.1,53100.0,7.0841365
2021-12-15 09:57:00,7.09,7.1,7.09,7.09,51000.0,7.0850385
2021-12-15 09:58:00,7.09,7.09,7.08,7.09,195500.0,7.0858018
2021-12-15 09:59:00,7.08,7.1,7.08,7.1,115200.0,7.0879862
2021-12-15 10:00:00,7.1,7.1,7.08,7.09,159600.0,7.088296
2021-12-15 10:01:00,7.09,7.1,7.08,7.1,80600.0,7.0900966
2021-12-15 10:02:00,7.1,7.1,7.09,7.09,116200.0,7.0900818
2021-12-15 10:03:00,7.09,7.09,7.08,7.08,49100.0,7.0885307
2021-12-15 10:04:00,7.09,7.09,7.08,7.09,102200.0,7.0887568
2021-12-15 10:05:00,7.08,7.09,7.08,7.09,236000.0,7.088948
2021-12-15 10:06:00,7.08,7.1,7.08,7.1,101900.0,7.0906483
2021-12-15 10:07:00,7.09,7.11,7.09,7.1,239000.0,7.0920871
2021-12-15 10:08:00,7.09,7.1,7.09,7.1,89700.0,7.0933044
2021-12-15 10:09:00,7.1,7.1,7.09,7.09,54000.0,7.0927961
2021-12-15 10:10:00,7.09,7.1,7.09,7.09,110100.0,7.0923659
2021-12-15 10:11:00,7.1,7.11,7.1,7.1,308180.0,7.0935404
2021-12-15 10:12:00,7.1,7.12,7.09,7.12,229437.0,7.0976111
2021-12-15 10:13:00,7.11,7.11,7.1,7.11,155463.0,7.0995171
2021-12-15 10:14:00,7.1,7.1,7.09,7.09,84500.0,7.0980529
2021-12-15 10:15:00,7.09,7.1,7.09,7.1,44800.0,7.0983525
2021-12-15 10:16:00,7.1,7.1,7.09,7.1,38300.0,7.0986059
2021-12-15 10:17:00,7.09,7.1,7.09,7.09,47700.0,7.0972819
2021-12-15 10:18:00,7.09,7.1,7.09,7.1,18700.0,7.0977001
2021-12-15 10:19:00,7.1,7.1,7.08,7.09,95200.0,7.0965155
2021-12-15 10:20:00,7.09,7.09,7.08,7.08,91500.0,7.0939746
2021-12-15 10:21:00,7.08,7.09,7.08,7.08,212700.0,7.0918247
2021-12-15 10:22:00,7.08,7.09,7.07,7.08,60100.0,7.0900055
2021-12-15 10:23:00,7.08,7.09,7.07,7.08,28800.0,7.0884662
2021-12-15 10:24:00,7.07,7.09,7.07,7.09,47100.0,7.0887022
2021-12-15 10:25:00,7.09,7.09,7.08,7.09,13000.0,7.0889018
2021-12-15 10:26:00,7.09,7.09,7.08,7.09,59700.0,7.0890708
2021-12-15 10:27:00,7.08,7.09,7.08,7.08,47700.0,7.0876753
2021-12-15 10:28:00,7.07,7.08,7.07,7.08,22000.0,7.0864945
2021-12-15 10:29:00,7.07,7.08,7.07,7.07,18400.0,7.0839569
2021-12-15 10:30:00,7.08,7.09,7.08,7.08,191900.0,7.0833481
2021-12-15 10:31:00,7.09,7.09,7.08,7.09,67100.0,7.0843715
2021-12-15 10:32:00,7.09,7.09,7.08,7.08,27800.0,7.0836989
2021-12-15 10:33:00,7.09,7.1,7.08,7.1,11800.0,7.0862068
2021-12-15 10:34:00,7.1,7.1,7.08,7.09,45300.0,7.0867904
2021-12-15 10:35:00,7.08,7.09,7.08,7.09,56100.0,7.0872842
2021-12-15 10:36:00,7.09,7.09,7.08,7.09,21900.0,7.087702
2021-12-15 10:37:00,7.09,7.09,7.08,7.09,32300.0,7.0880555
2021-12-15 10:38:00,7.08,7.09,7.08,7.09,15300.0,7.0883547
2021-12-15 10:39:00,7.09,7.09,7.08,7.09,15000.0,7.0886078
2021-12-15 10:40:00,7.09,7.1,7.08,7.1,183600.0,7.0903604
2021-12-15 10:41:00,7.1,7.1,7.09,7.09,50600.0,7.090305
2021-12-15 10:42:00,7.1,7.1,7.09,7.09,52400.0,7.0902581
2021-12-15 10:43:00,7.1,7.1,7.08,7.09,63700.0,7.0902184
2021-12-15 10:44:00,7.08,7.09,7.08,7.09,74600.0,7.0901848
2021-12-15 10:45:00,7.09,7.1,7.09,7.1,118500.0,7.0916948
2021-12-15 10:46:00,7.09,7.1,7.09,7.1,31800.0,7.0929725
2021-12-15 10:47:00,7.1,7.1,7.09,7.1,54600.0,7.0940537
2021-12-15 10:48:00,7.1,7.11,7.1,7.1,95085.0,7.0949685
2021-12-15 10:49:00,7.1,7.11,7.1,7.11,186837.0,7.097281
2021-12-15 10:50:00,7.12,7.12,7.11,7.12,37000.0,7.1007763
2021-12-15 10:51:00,7.12,7.12,7.11,7.12,86800.0,7.1037338
2021-12-15 10:52:00,7.12,7.12,7.11,7.12,138000.0,7.1062363
2021-12-15 10:53:00,7.12,7.13,7.12,7.13,44700.0,7.1098922
2021-12-15 10:54:00,7.12,7.13,7.12,7.13,123900.0,7.1129857
2021-12-15 10:55:00,7.13,7.13,7.12,7.13,64700.0,7.1156033
2021-12-15 10:56:00,7.13,7.13,7.12,7.13,45000.0,7.1178182
2021-12-15 10:57:00,7.13,7.13,7.12,7.12,40600.0,7.1181539
2021-12-15 10:58:00,7.13,7.13,7.12,7.13,33300.0,7.1199763
2021-12-15 10:59:00,7.13,7.13,7.12,7.12,35900.0,7.11998
2021-12-15 11:00:00,7.13,7.13,7.12,7.13,53000.0,7.1215215
2021-12-15 11:01:00,7.13,7.13,7.12,7.13,11100.0,7.1228259
2021-12-15 11:02:00,7.13,7.13,7.12,7.13,50000.0,7.1239296
2021-12-15 11:03:00,7.13,7.14,7.12,7.13,94600.0,7.1248635
2021-12-15 11:04:00,7.13,7.15,7.13,7.15,137000.0,7.1287307
2021-12-15 11:05:00,7.15,7.15,7.14,7.15,263900.0,7.1320029
2021-12-15 11:06:00,7.15,7.16,7.14,7.16,162500.0,7.1363101
2021-12-15 11:07:00,7.16,7.18,7.15,7.18,319800.0,7.1430316
2021-12-15 11:08:00,7.18,7.2,7.18,7.18,364500.0,7.1487191
2021-12-15 11:09:00,7.19,7.2,7.18,7.19,287700.0,7.15507
2021-12-15 11:10:00,7.2,7.26,7.2,7.24,876600.0,7.1681362
2021-12-15 11:11:00,7.24,7.24,7.22,7.22,507400.0,7.1761152
2021-12-15 11:12:00,7.22,7.22,7.22,7.22,315900.0,7.1828667
2021-12-15 11:13:00,7.21,7.23,7.21,7.21,126000.0,7.1870411
2021-12-15 11:14:00,7.21,7.23,7.21,7.23,226300.0,7.1936501
2021-12-15 11:15:00,7.23,7.28,7.22,7.28,589700.0,7.2069347
2021-12-15 11:16:00,7.28,7.3,7.28,7.29,629400.0,7.219714
2021-12-15 11:17:00,7.29,7.29,7.26,7.27,426800.0,7.2274503
2021-12-15 11:18:00,7.26,7.29,7.26,7.28,206000.0,7.2355349
2021-12-15 11:19:00,7.29,7.3,7.28,7.28,425600.0,7.2423757
2021-12-15 11:20:00,7.28,7.28,7.25,7.27,252700.0,7.2466256
2021-12-15 11:21:00,7.27,7.3,7.27,7.3,442400.0,7.254837
2021-12-15 11:22:00,7.3,7.35,7.29,7.35,670500.0,7.2694775
2021-12-15 11:23:00,7.32,7.36,7.31,7.31,497300.0,7.2757117
2021-12-15 11:24:00,7.32,7.32,7.3,7.3,156400.0,7.2794484
2021-12-15 11:25:00,7.31,7.32,7.29,7.29,158500.0,7.2810717
2021-12-15 11:26:00,7.29,7.29,7.28,7.29,165400.0,7.2824453
2021-12-15 11:27:00,7.28,7.29,7.28,7.28,108100.0,7.2820691
2021-12-15 11:28:00,7.28,7.3,7.28,7.3,110800.0,7.2848277
2021-12-15 11:29:00,7.3,7.31,7.29,7.3,76000.0,7.2871619
2021-12-15 11:30:00,7.3,7.3,7.3,7.3,5800.0,7.289137
2021-12-15 13:00:00,7.3,7.34,7.3,7.33,525035.0,7.2954236
2021-12-15 13:01:00,7.33,7.34,7.32,7.33,91600.0,7.3007431
2021-12-15 13:02:00,7.33,7.36,7.33,7.35,530800.0,7.308321
2021-12-15 13:03:00,7.35,7.35,7.33,7.33,170800.0,7.3116563
2021-12-15 13:04:00,7.33,7.34,7.32,7.33,185600.0,7.3144784
2021-12-15 13:05:00,7.32,7.38,7.32,7.38,1048602.0,7.3245586
2021-12-15 13:06:00,7.38,7.4,7.36,7.36,375500.0,7.3300112
2021-12-15 13:07:00,7.35,7.36,7.35,7.35,146500.0,7.3330864
2021-12-15 13:08:00,7.35,7.35,7.33,7.34,146100.0,7.33415
2021-12-15 13:09:00,7.34,7.35,7.34,7.34,91600.0,7.33505
2021-12-15 13:10:00,7.33,7.38,7.33,7.37,513322.0,7.3404269
2021-12-15 13:11:00,7.38,7.38,7.36,7.36,80200.0,7.3434382
2021-12-15 13:12:00,7.36,7.38,7.36,7.36,103100.0,7.3459861
2021-12-15 13:13:00,7.36,7.4,7.36,7.4,375360.0,7.354296
2021-12-15 13:14:00,7.4,7.42,7.38,7.42,501400.0,7.3644043
2021-12-15 13:15:00,7.42,7.45,7.41,7.43,837300.0,7.3744959
2021-12-15 13:16:00,7.42,7.44,7.41,7.41,412600.0,7.3799581
2021-12-15 13:17:00,7.41,7.41,7.38,7.38,191300.0,7.3799645
2021-12-15 13:18:00,7.38,7.4,7.37,7.39,237500.0,7.3815085
2021-12-15 13:19:00,7.39,7.4,7.38,7.38,229900.0,7.3812764
2021-12-15 13:20:00,7.38,7.38,7.36,7.36,566800.0,7.3780031
2021-12-15 13:21:00,7.36,7.38,7.35,7.37,311800.0,7.3767719
2021-12-15 13:22:00,7.37,7.38,7.37,7.38,188500.0,7.3772685
2021-12-15 13:23:00,7.37,7.4,7.37,7.4,304600.0,7.3807656
2021-12-15 13:24:00,7.4,7.44,7.4,7.44,613500.0,7.3898786
2021-12-15 13:25:00,7.43,7.44,7.41,7.44,400700.0,7.3975896
2021-12-15 13:26:00,7.43,7.43,7.41,7.41,206100.0,7.3994989
2021-12-15 13:27:00,7.41,7.43,7.41,7.42,334800.0,7.4026529
2021-12-15 13:28:00,7.42,7.42,7.41,7.41,106220.0,7.4037832
2021-12-15 13:29:00,7.41,7.42,7.4,7.41,115580.0,7.4047397
2021-12-15 13:30:00,7.41,7.42,7.41,7.41,199950.0,7.4055489
2021-12-15 13:31:00,7.41,7.44,7.41,7.43,485400.0,7.4093106
2021-12-15 13:32:00,7.44,7.47,7.43,7.47,816046.0,7.4186475
2021-12-15 13:33:00,7.47,7.47,7.45,7.45,518100.0,7.4234709
2021-12-15 13:34:00,7.46,7.46,7.44,7.45,136800.0,7.4275523
2021-12-15 13:35:00,7.44,7.45,7.44,7.44,382630.0,7.4294674
2021-12-15 13:36:00,7.44,7.45,7.43,7.44,293600.0,7.4310878
2021-12-15 13:37:00,7.45,7.45,7.44,7.45,159000.0,7.4339973
2021-12-15 13:38:00,7.45,7.45,7.44,7.45,183370.0,7.4364593
2021-12-15 13:39:00,7.46,7.46,7.44,7.44,313630.0,7.437004
2021-12-15 13:40:00,7.44,7.44,7.43,7.44,304400.0,7.4374649
2021-12-15 13:41:00,7.43,7.44,7.43,7.44,360270.0,7.4378549
2021-12-15 13:42:00,7.44,7.45,7.43,7.45,260100.0,7.4397234
2021-12-15 13:43:00,7.45,7.47,7.45,7.45,500600.0,7.4413044
2021-12-15 13:44:00,7.45,7.46,7.44,7.45,92600.0,7.4426422
2021-12-15 13:45:00,7.44,7.45,7.43,7.44,124600.0,7.4422357
2021-12-15 13:46:00,7.44,7.44,7.42,7.42,145300.0,7.4388148
2021-12-15 13:47:00,7.42,7.43,7.41,7.41,223300.0,7.4343818
2021-12-15 13:48:00,7.4,7.43,7.4,7.42,447100.0,7.4321692
2021-12-15 13:49:00,7.42,7.42,7.41,7.41,109300.0,7.4287586
2021-12-15 13:50:00,7.4,7.41,7.39,7.4,322800.0,7.4243342
2021-12-15 13:51:00,7.4,7.41,7.39,7.39,78300.0,7.419052
2021-12-15 13:52:00,7.4,7.41,7.39,7.41,172500.0,7.4176594
2021-12-15 13:53:00,7.4,7.4,7.39,7.4,164800.0,7.4149425
2021-12-15 13:54:00,7.39,7.4,7.38,7.39,403700.0,7.4111052
2021-12-15 13:55:00,7.39,7.4,7.38,7.4,365100.0,7.4093967
2021-12-15 13:56:00,7.39,7.41,7.39,7.4,140100.0,7.4079511
2021-12-15 13:57:00,7.4,7.41,7.39,7.39,172700.0,7.4051894
2021-12-15 13:58:00,7.4,7.4,7.39,7.4,89500.0,7.404391
2021-12-15 13:59:00,7.4,7.4,7.39,7.39,166800.0,7.402177
2021-12-15 14:00:00,7.39,7.4,7.39,7.4,77000.0,7.4018421
2021-12-15 14:01:00,7.4,7.4,7.39,7.39,40200.0,7.4000202
2021-12-15 14:02:00,7.39,7.4,7.38,7.39,96000.0,7.3984787
2021-12-15 14:03:00,7.39,7.4,7.39,7.39,89000.0,7.3971742
2021-12-15 14:04:00,7.4,7.41,7.4,7.4,246000.0,7.397609
2021-12-15 14:05:00,7.4,7.4,7.38,7.39,188300.0,7.3964384
2021-12-15 14:06:00,7.39,7.39,7.36,7.37,280700.0,7.3923709
2021-12-15 14:07:00,7.37,7.38,7.37,7.37,70900.0,7.3889292
2021-12-15 14:08:00,7.37,7.38,7.37,7.37,133000.0,7.3860171
2021-12-15 14:09:00,7.37,7.38,7.37,7.38,95500.0,7.3850914
2021-12-15 14:10:00,7.39,7.39,7.37,7.38,55600.0,7.3843081
2021-12-15 14:11:00,7.37,7.38,7.37,7.38,114600.0,7.3836453
2021-12-15 14:12:00,7.38,7.38,7.37,7.37,99400.0,7.381546
2021-12-15 14:13:00,7.38,7.39,7.37,7.38,152800.0,7.3813082
2021-12-15 14:14:00,7.38,7.39,7.38,7.39,95500.0,7.3826454
2021-12-15 14:15:00,7.38,7.39,7.38,7.39,64800.0,7.3837769
2021-12-15 14:16:00,7.38,7.39,7.38,7.39,181100.0,7.3847343
2021-12-15 14:17:00,7.39,7.39,7.38,7.39,97200.0,7.3855444
2021-12-15 14:18:00,7.39,7.4,7.39,7.39,69400.0,7.3862299
2021-12-15 14:19:00,7.39,7.39,7.38,7.39,35100.0,7.3868099
2021-12-15 14:20:00,7.39,7.39,7.38,7.39,20700.0,7.3873007
2021-12-15 14:21:00,7.39,7.39,7.38,7.39,59100.0,7.387716
2021-12-15 14:22:00,7.39,7.4,7.39,7.4,67800.0,7.3896058
2021-12-15 14:23:00,7.39,7.4,7.39,7.39,179020.0,7.3896665
2021-12-15 14:24:00,7.39,7.4,7.39,7.4,125700.0,7.3912562
2021-12-15 14:25:00,7.4,7.4,7.39,7.39,56400.0,7.391063
2021-12-15 14:26:00,7.39,7.4,7.38,7.39,101400.0,7.3908994
2021-12-15 14:27:00,7.4,7.4,7.39,7.4,59000.0,7.3922995
2021-12-15 14:28:00,7.4,7.4,7.39,7.39,89160.0,7.3919457
2021-12-15 14:29:00,7.39,7.4,7.39,7.4,131100.0,7.3931849
2021-12-15 14:30:00,7.4,7.4,7.39,7.4,13700.0,7.3942333
2021-12-15 14:31:00,7.4,7.42,7.39,7.42,787000.0,7.3981974
2021-12-15 14:32:00,7.44,7.44,7.42,7.43,753940.0,7.4030902
2021-12-15 14:33:00,7.42,7.43,7.41,7.42,143900.0,7.4056917
2021-12-15 14:34:00,7.42,7.42,7.41,7.42,60200.0,7.4078929
2021-12-15 14:35:00,7.41,7.42,7.41,7.41,237200.0,7.4082171
2021-12-15 14:36:00,7.41,7.41,7.4,7.41,90500.0,7.4084914
2021-12-15 14:37:00,7.41,7.41,7.4,7.41,93000.0,7.4087235
2021-12-15 14:38:00,7.41,7.41,7.39,7.39,152200.0,7.405843
2021-12-15 14:39:00,7.4,7.4,7.39,7.39,75900.0,7.4034056
2021-12-15 14:40:00,7.39,7.39,7.38,7.38,276800.0,7.3998047
2021-12-15 14:41:00,7.37,7.41,7.37,7.4,497100.0,7.3998348
2021-12-15 14:42:00,7.4,7.41,7.4,7.4,204800.0,7.3998602
2021-12-15 14:43:00,7.39,7.4,7.38,7.38,151100.0,7.3968048
2021-12-15 14:44:00,7.38,7.4,7.38,7.4,332300.0,7.3972963
2021-12-15 14:45:00,7.39,7.4,7.38,7.39,73500.0,7.3961738
2021-12-15 14:46:00,7.39,7.39,7.38,7.38,247068.0,7.3936856
2021-12-15 14:47:00,7.39,7.39,7.38,7.38,110810.0,7.3915801
2021-12-15 14:48:00,7.39,7.39,7.38,7.39,129100.0,7.391337
2021-12-15 14:49:00,7.38,7.4,7.38,7.39,171000.0,7.3911313
2021-12-15 14:50:00,7.39,7.39,7.38,7.38,73500.0,7.3894188
2021-12-15 14:51:00,7.38,7.39,7.38,7.39,126800.0,7.3895082
2021-12-15 14:52:00,7.39,7.42,7.39,7.42,826900.0,7.3941993
2021-12-15 14:53:00,7.41,7.43,7.41,7.43,237900.0,7.3997071
2021-12-15 14:54:00,7.43,7.43,7.41,7.42,144301.0,7.4028291
2021-12-15 14:55:00,7.41,7.43,7.41,7.43,179000.0,7.4070092
2021-12-15 14:56:00,7.43,7.43,7.41,7.41,210600.0,7.4074693
2021-12-15 14:57:00,7.42,7.42,7.42,7.42,10700.0,7.4093971
2021-12-15 14:58:00,,,,,0.0,
2021-12-15 14:59:00,,,,,0.0,
2021-12-15 15:00:00,7.4,7.4,7.4,7.4,449502.0,7.4079514
2021-12-16 09:30:00,7.49,7.6,7.45,7.55,2071521.0,7.429805
2021-12-16 09:31:00,7.56,7.65,7.56,7.65,1740644.0,7.4636812
2021-12-16 09:32:00,7.6,7.64,7.56,7.56,1336800.0,7.4784995
2021-12-16 09:33:00,7.59,7.61,7.56,7.56,959600.0,7.491038
2021-12-16 09:34:00,7.57,7.6,7.56,7.6,705800.0,7.5078014
2021-12-16 09:35:00,7.6,7.62,7.59,7.61,729040.0,7.5235243
2021-12-16 09:36:00,7.61,7.7,7.61,7.69,1372860.0,7.5491359
2021-12-16 09:37:00,7.69,7.73,7.68,7.73,1454905.0,7.5769612
2021-12-16 09:38:00,7.73,7.75,7.71,7.74,1946730.0,7.6020441
2021-12-16 09:39:00,7.75,7.79,7.75,7.79,1391782.0,7.6309604
2021-12-16 09:40:00,7.79,7.93,7.79,7.9,3356420.0,7.6723511
2021-12-16 09:41:00,7.91,7.91,7.86,7.86,1731100.0,7.7012201
2021-12-16 09:42:00,7.86,7.86,7.8,7.83,1565000.0,7.7210324
2021-12-16 09:43:00,7.83,7.83,7.77,7.8,1377400.0,7.7331813
2021-12-16 09:44:00,7.8,7.8,7.75,7.75,921800.0,7.7357688
2021-12-16 09:45:00,7.75,7.83,7.75,7.82,1064335.0,7.7487274
2021-12-16 09:46:00,7.83,7.87,7.82,7.85,1507200.0,7.7643078
2021-12-16 09:47:00,7.84,7.85,7.82,7.83,583300.0,7.7744143
2021-12-16 09:48:00,7.84,7.84,7.79,7.79,630800.0,7.7768121
2021-12-16 09:49:00,7.8,7.81,7.79,7.79,434400.0,7.778841
2021-12-16 09:50:00,7.78,7.88,7.78,7.88,2203501.0,7.7944039
2021-12-16 09:51:00,7.9,8.0,7.9,8.0,3040036.0,7.8260341
2021-12-16 09:52:00,8.0,8.0,7.97,7.97,1538000.0,7.8481827
2021-12-16 09:53:00,7.96,7.97,7.92,7.94,730503.0,7.8623084
2021-12-16 09:54:00,7.93,7.93,7.89,7.9,886397.0,7.8681071
2021-12-16 09:55:00,7.88,7.9,7.88,7.88,618300.0,7.8699368
2021-12-16 09:56:00,7.89,7.91,7.87,7.87,974400.0,7.8699465
2021-12-16 09:57:00,7.88,7.92,7.86,7.92,902300.0,7.8776471
2021-12-16 09:58:00,7.91,7.91,7.89,7.91,549400.0,7.8826244
2021-12-16 09:59:00,7.92,7.98,7.91,7.94,1084960.0,7.8914515
2021-12-16 10:00:00,7.94,8.0,7.94,7.98,1720960.0,7.9050743
2021-12-16 10:01:00,7.98,7.99,7.93,7.93,850600.0,7.908909
2021-12-16 10:02:00,7.92,7.94,7.92,7.92,312200.0,7.9106153
2021-12-16 10:03:00,7.91,7.91,7.89,7.89,552600.0,7.9074437
2021-12-16 10:04:00,7.9,7.91,7.89,7.89,341000.0,7.9047601
2021-12-16 10:05:00,7.89,7.9,7.88,7.89,375500.0,7.9024893
2021-12-16 10:06:00,7.9,7.9,7.88,7.89,294500.0,7.9005679
2021-12-16 10:07:00,7.89,7.9,7.88,7.89,300700.0,7.8989421
2021-12-16 10:08:00,7.89,7.89,7.88,7.88,409700.0,7.8960279
2021-12-16 10:09:00,7.88,7.88,7.86,7.86,511720.0,7.8904851
2021-12-16 10:10:00,7.86,7.89,7.85,7.89,1006780.0,7.8904105
2021-12-16 10:11:00,7.88,7.89,7.87,7.87,407388.0,7.8872704
2021-12-16 10:12:00,7.87,7.89,7.87,7.88,421600.0,7.8861519
2021-12-16 10:13:00,7.88,7.88,7.85,7.86,453300.0,7.8821285
2021-12-16 10:14:00,7.86,7.86,7.8,7.8,660000.0,7.8694934
2021-12-16 10:15:00,7.79,7.82,7.79,7.81,483500.0,7.8603405
2021-12-16 10:16:00,7.81,7.83,7.81,7.83,415080.0,7.8556728
2021-12-16 10:17:00,7.83,7.85,7.83,7.85,468900.0,7.8548
2021-12-16 10:18:00,7.85,7.85,7.81,7.82,246800.0,7.8494462
2021-12-16 10:19:00,7.81,7.82,7.78,7.79,275820.0,7.8403006
2021-12-16 10:20:00,7.79,7.8,7.78,7.79,366150.0,7.8325621
2021-12-16 10:21:00,7.79,7.8,7.78,7.78,235300.0,7.8244756
2021-12-16 10:22:00,7.78,7.79,7.77,7.77,241100.0,7.8160947
2021-12-16 10:23:00,7.77,7.8,7.77,7.78,342040.0,7.8105417
2021-12-16 10:24:00,7.78,7.79,7.78,7.79,180200.0,7.8073814
2021-12-16 10:25:00,7.79,7.8,7.79,7.79,161700.0,7.8047074
2021-12-16 10:26:00,7.8,7.8,7.79,7.79,140000.0,7.8024447
2021-12-16 10:27:00,7.8,7.81,7.8,7.81,130990.0,7.8036071
2021-12-16 10:28:00,7.8,7.81,7.79,7.8,294900.0,7.8030521
2021-12-16 10:29:00,7.8,7.8,7.78,7.79,152000.0,7.8010441
2021-12-16 10:30:00,7.78,7.79,7.78,7.78,206000.0,7.7978066
2021-12-16 10:31:00,7.78,7.78,7.75,7.75,521100.0,7.7904517
2021-12-16 10:32:00,7.75,7.79,7.75,7.77,415900.0,7.7873053
2021-12-16 10:33:00,7.77,7.77,7.76,7.76,125770.0,7.7831045
2021-12-16 10:34:00,7.77,7.77,7.75,7.76,257755.0,7.7795499
2021-12-16 10:35:00,7.77,7.77,7.75,7.77,231000.0,7.7780807
2021-12-16 10:36:00,7.76,7.79,7.75,7.79,263100.0,7.7799145
2021-12-16 10:37:00,7.79,7.8,7.79,7.8,59700.0,7.7830045
2021-12-16 10:38:00,7.79,7.8,7.78,7.78,106900.0,7.7825423
2021-12-16 10:39:00,7.79,7.82,7.79,7.81,230319.0,7.7867666
2021-12-16 10:40:00,7.82,7.82,7.81,7.81,67781.0,7.7903409
2021-12-16 10:41:00,7.81,7.84,7.81,7.84,170500.0,7.7979808
2021-12-16 10:42:00,7.83,7.85,7.83,7.84,317300.0,7.8044453
2021-12-16 10:43:00,7.84,7.87,7.84,7.86,602809.0,7.8129922
2021-12-16 10:44:00,7.85,7.86,7.85,7.86,217200.0,7.8202241
2021-12-16 10:45:00,7.86,7.87,7.85,7.85,166300.0,7.824805
2021-12-16 10:46:00,7.85,7.85,7.84,7.84,128340.0,7.8271427
2021-12-16 10:47:00,7.85,7.86,7.85,7.86,123700.0,7.8321977
2021-12-16 10:48:00,7.85,7.86,7.85,7.86,104400.0,7.836475
2021-12-16 10:49:00,7.86,7.88,7.86,7.88,119890.0,7.8431711
2021-12-16 10:50:00,7.87,7.88,7.87,7.88,155800.0,7.8488371
2021-12-16 10:51:00,7.87,7.87,7.85,7.86,134010.0,7.8505545
2021-12-16 10:52:00,7.86,7.86,7.84,7.84,82400.0,7.8489307
2021-12-16 10:53:00,7.84,7.85,7.82,7.84,131960.0,7.8475568
2021-12-16 10:54:00,7.84,7.88,7.84,7.86,569440.0,7.8494711
2021-12-16 10:55:00,7.85,7.87,7.85,7.86,71065.0,7.8510909
2021-12-16 10:56:00,7.87,7.87,7.85,7.85,131000.0,7.8509231
2021-12-16 10:57:00,7.86,7.87,7.86,7.86,90672.0,7.8523195
2021-12-16 10:58:00,7.86,7.88,7.86,7.87,253164.0,7.8550396
2021-12-16 10:59:00,7.88,7.88,7.86,7.86,82000.0,7.8558028
2021-12-16 11:00:00,7.87,7.87,7.86,7.86,48000.0,7.8564485
2021-12-16 11:01:00,7.86,7.87,7.85,7.85,42600.0,7.8554564
2021-12-16 11:02:00,7.85,7.85,7.83,7.85,169200.0,7.854617
2021-12-16 11:03:00,7.85,7.85,7.82,7.83,118400.0,7.8508297
2021-12-16 11:04:00,7.83,7.87,7.83,7.87,432772.0,7.853779
2021-12-16 11:05:00,7.87,7.87,7.85,7.85,30700.0,7.8531976
2021-12-16 11:06:00,7.85,7.86,7.85,7.85,18900.0,7.8527057
2021-12-16 11:07:00,7.85,7.86,7.85,7.85,50200.0,7.8522894
2021-12-16 11:08:00,7.86,7.86,7.85,7.86,70400.0,7.8534757
2021-12-16 11:09:00,7.85,7.9,7.85,7.9,725050.0,7.8606333
2021-12-16 11:10:00,7.9,7.91,7.87,7.87,285700.0,7.8620743
2021-12-16 11:11:00,7.88,7.89,7.88,7.89,118900.0,7.8663706
2021-12-16 11:12:00,7.89,7.89,7.88,7.89,115600.0,7.8700059
2021-12-16 11:13:00,7.88,7.89,7.87,7.87,23300.0,7.870005
2021-12-16 11:14:00,7.88,7.89,7.87,7.87,83000.0,7.8700042
2021-12-16 11:15:00,7.87,7.89,7.87,7.89,187700.0,7.8730805
2021-12-16 11:16:00,7.89,7.91,7.89,7.91,256800.0,7.8787604
2021-12-16 11:17:00,7.91,7.91,7.9,7.91,205400.0,7.8835665
2021-12-16 11:18:00,7.9,7.91,7.89,7.9,75900.0,7.8860947
2021-12-16 11:19:00,7.89,7.9,7.89,7.89,52100.0,7.8866955
2021-12-16 11:20:00,7.89,7.9,7.89,7.89,74400.0,7.8872039
2021-12-16 11:21:00,7.88,7.89,7.88,7.88,31000.0,7.8860956
2021-12-16 11:22:00,7.87,7.88,7.87,7.88,45500.0,7.8851578
2021-12-16 11:23:00,7.88,7.9,7.86,7.89,143400.0,7.8859028
2021-12-16 11:24:00,7.89,7.89,7.88,7.88,22300.0,7.8849947
2021-12-16 11:25:00,7.88,7.9,7.88,7.9,204600.0,7.8873032
2021-12-16 11:26:00,7.9,7.91,7.9,7.91,247313.0,7.890795
2021-12-16 11:27:00,7.9,7.9,7.88,7.88,56300.0,7.8891342
2021-12-16 11:28:00,7.89,7.89,7.88,7.88,54300.0,7.887729
2021-12-16 11:29:00,7.88,7.88,7.87,7.88,40400.0,7.8865399
2021-12-16 11:30:00,,,,,0.0,
2021-12-16 13:00:00,7.91,7.91,7.87,7.87,311300.0,7.8839953
2021-12-16 13:01:00,7.88,7.88,7.85,7.87,147200.0,7.8818422
2021-12-16 13:02:00,7.86,7.88,7.85,7.87,131100.0,7.8800203
2021-12-16 13:03:00,7.87,7.89,7.87,7.89,88600.0,7.8815556
2021-12-16 13:04:00,7.9,7.9,7.89,7.9,179600.0,7.8843932
2021-12-16 13:05:00,7.9,7.92,7.9,7.92,151000.0,7.8898712
2021-12-16 13:06:00,7.91,7.92,7.9,7.91,298130.0,7.8929679
2021-12-16 13:07:00,7.92,7.93,7.91,7.92,236170.0,7.8971267
2021-12-16 13:08:00,7.92,7.95,7.91,7.94,700380.0,7.9037226
2021-12-16 13:09:00,7.95,7.96,7.94,7.95,198000.0,7.9108422
2021-12-16 13:10:00,7.95,7.95,7.91,7.91,118300.0,7.9107126
2021-12-16 13:11:00,7.93,7.97,7.92,7.97,553180.0,7.9198338
2021-12-16 13:12:00,7.96,7.97,7.95,7.95,162300.0,7.9244747
2021-12-16 13:13:00,7.96,7.96,7.94,7.95,176100.0,7.9284017
2021-12-16 13:14:00,7.94,7.94,7.93,7.93,177000.0,7.9286476
2021-12-16 13:15:00,7.93,7.96,7.93,7.96,301900.0,7.933471
2021-12-16 13:16:00,7.96,7.96,7.94,7.94,60000.0,7.9344755
2021-12-16 13:17:00,7.94,7.95,7.93,7.93,46900.0,7.933787
2021-12-16 13:18:00,7.93,7.95,7.93,7.95,108600.0,7.9362813
2021-12-16 13:19:00,7.95,7.96,7.95,7.95,211600.0,7.9383918
2021-12-16 13:20:00,7.95,7.96,7.94,7.96,237018.0,7.9417162
2021-12-16 13:21:00,7.95,7.96,7.94,7.94,35082.0,7.9414522
2021-12-16 13:22:00,7.95,7.95,7.94,7.95,104600.0,7.9427672
2021-12-16 13:23:00,7.95,7.98,7.93,7.98,560800.0,7.9484953
2021-12-16 13:24:00,7.97,8.05,7.97,8.04,2911284.0,7.962573
2021-12-16 13:25:00,8.06,8.06,8.0,8.02,918100.0,7.9714079
2021-12-16 13:26:00,8.0,8.02,7.99,7.99,444400.0,7.9742682
2021-12-16 13:27:00,7.99,8.04,7.99,8.02,486200.0,7.9813039
2021-12-16 13:28:00,8.01,8.08,8.01,8.08,1013959.0,7.9964879
2021-12-16 13:29:00,8.08,8.19,8.08,8.18,1791942.0,8.0247205
2021-12-16 13:30:00,8.2,8.2,8.12,8.15,1590520.0,8.0439943
2021-12-16 13:31:00,8.14,8.15,8.12,8.12,507500.0,8.0556875
2021-12-16 13:32:00,8.13,8.13,8.12,8.12,350500.0,8.0655817
2021-12-16 13:33:00,8.12,8.12,8.08,8.09,218000.0,8.0693384
2021-12-16 13:34:00,8.09,8.11,8.09,8.1,277500.0,8.0740556
2021-12-16 13:35:00,8.1,8.1,8.07,8.07,309800.0,8.0734316
2021-12-16 13:36:00,8.09,8.09,8.07,8.08,139500.0,8.0744421
2021-12-16 13:37:00,8.09,8.1,8.09,8.1,132290.0,8.0783741
2021-12-16 13:38:00,8.09,8.1,8.09,8.09,149900.0,8.0801627
2021-12-16 13:39:00,8.09,8.09,8.07,8.07,232610.0,8.0785992
2021-12-16 13:40:00,8.08,8.15,8.07,8.14,657490.0,8.0880455
2021-12-16 13:41:00,8.15,8.15,8.12,8.12,226700.0,8.0929616
2021-12-16 13:42:00,8.11,8.12,8.1,8.11,82300.0,8.0955829
2021-12-16 13:43:00,8.11,8.18,8.11,8.18,590015.0,8.1085701
2021-12-16 13:44:00,8.18,8.2,8.18,8.2,716010.0,8.1226363
2021-12-16 13:45:00,8.19,8.22,8.19,8.2,703800.0,8.1345384
2021-12-16 13:46:00,8.2,8.2,8.17,8.18,259800.0,8.1415325
2021-12-16 13:47:00,8.19,8.22,8.18,8.21,543680.0,8.1520659
2021-12-16 13:48:00,8.22,8.25,8.22,8.22,531000.0,8.1625173
2021-12-16 13:49:00,8.23,8.26,8.23,8.26,611200.0,8.1775147
2021-12-16 13:50:00,8.26,8.36,8.26,8.35,1699209.0,8.2040509
2021-12-16 13:51:00,8.36,8.43,8.35,8.39,1337400.0,8.2326584
2021-12-16 13:52:00,8.4,8.41,8.37,8.37,1177600.0,8.2537879
2021-12-16 13:53:00,8.36,8.36,8.32,8.32,447340.0,8.2639744
2021-12-16 13:54:00,8.32,8.34,8.32,8.33,550960.0,8.2741322
2021-12-16 13:55:00,8.33,8.38,8.31,8.36,696100.0,8.2873426
2021-12-16 13:56:00,8.4,8.47,8.38,8.45,1484085.0,8.3123668
2021-12-16 13:57:00,8.48,8.48,8.45,8.47,709650.0,8.3366181
2021-12-16 13:58:00,8.44,8.46,8.41,8.43,669360.0,8.3509845
2021-12-16 13:59:00,8.43,8.45,8.4,8.45,697818.0,8.3662177
2021-12-16 14:00:00,8.43,8.44,8.4,8.4,616900.0,8.371415
2021-12-16 14:01:00,8.39,8.4,8.35,8.38,1045790.0,8.3727357
2021-12-16 14:02:00,8.38,8.4,8.37,8.37,469000.0,8.3723149
2021-12-16 14:03:00,8.38,8.38,8.35,8.36,456300.0,8.3704203
2021-12-16 14:04:00,8.36,8.37,8.33,8.37,661320.0,8.3703556
2021-12-16 14:05:00,8.36,8.44,8.36,8.44,783030.0,8.3810701
2021-12-16 14:06:00,8.44,8.44,8.42,8.42,359600.0,8.3870593
2021-12-16 14:07:00,8.4,8.44,8.4,8.41,453590.0,8.3905887
2021-12-16 14:08:00,8.41,8.43,8.39,8.42,682240.0,8.3951135
2021-12-16 14:09:00,8.42,8.48,8.42,8.48,664590.0,8.408173
2021-12-16 14:10:00,8.48,8.5,8.48,8.5,1098860.0,8.4223002
2021-12-16 14:11:00,8.5,8.57,8.5,8.55,1193361.0,8.4419463
2021-12-16 14:12:00,8.56,8.57,8.54,8.56,662800.0,8.4601084
2021-12-16 14:13:00,8.57,8.57,8.53,8.54,525300.0,8.4723994
2021-12-16 14:14:00,8.53,8.55,8.52,8.53,621350.0,8.4812611
2021-12-16 14:15:00,8.53,8.53,8.5,8.5,347100.0,8.484144
2021-12-16 14:16:00,8.5,8.58,8.5,8.58,1234700.0,8.4988911
2021-12-16 14:17:00,8.57,8.6,8.57,8.6,1280373.0,8.5144463
2021-12-16 14:18:00,8.61,8.65,8.6,8.64,576400.0,8.5337622
2021-12-16 14:19:00,8.63,8.67,8.63,8.64,857900.0,8.5501065
2021-12-16 14:20:00,8.64,8.64,8.55,8.58,958600.0,8.5547055
2021-12-16 14:21:00,8.59,8.6,8.58,8.59,428400.0,8.5601354
2021-12-16 14:22:00,8.59,8.59,8.57,8.57,220000.0,8.5616531
2021-12-16 14:23:00,8.58,8.65,8.57,8.64,1077610.0,8.5737064
2021-12-16 14:24:00,8.63,8.64,8.62,8.63,524300.0,8.582367
2021-12-16 14:25:00,8.63,8.63,8.61,8.61,195562.0,8.5866182
2021-12-16 14:26:00,8.61,8.7,8.61,8.7,1840676.0,8.6040616
2021-12-16 14:27:00,8.7,8.8,8.69,8.79,2491017.0,8.6326675
2021-12-16 14:28:00,8.79,8.81,8.76,8.8,1562393.0,8.6584109
2021-12-16 14:29:00,8.78,8.79,8.74,8.74,426090.0,8.6709631
2021-12-16 14:30:00,8.74,8.74,8.7,8.7,430060.0,8.6754303
2021-12-16 14:31:00,8.74,8.77,8.74,8.76,625664.0,8.688441
2021-12-16 14:32:00,8.77,8.77,8.75,8.76,459500.0,8.6994501
2021-12-16 14:33:00,8.75,8.76,8.73,8.74,486300.0,8.7056886
2021-12-16 14:34:00,8.74,8.76,8.74,8.76,927010.0,8.7140442
2021-12-16 14:35:00,8.77,8.77,8.73,8.73,591700.0,8.7164989
2021-12-16 14:36:00,8.73,8.74,8.71,8.72,567700.0,8.7170375
2021-12-16 14:37:00,8.72,8.72,8.68,8.7,358300.0,8.7144164
2021-12-16 14:38:00,8.71,8.88,8.7,8.88,12611935.0,8.7398908
2021-12-16 14:39:00,8.86,8.88,8.85,8.88,3073300.0,8.761446
2021-12-16 14:40:00,8.87,8.87,8.81,8.85,1636800.0,8.7750697
2021-12-16 14:41:00,8.85,8.85,8.78,8.79,1047400.0,8.7773667
2021-12-16 14:42:00,8.78,8.81,8.78,8.79,479200.0,8.7793103
2021-12-16 14:43:00,8.78,8.79,8.76,8.78,319300.0,8.7794164
2021-12-16 14:44:00,8.76,8.8,8.76,8.78,653400.0,8.7795062
2021-12-16 14:45:00,8.78,8.79,8.76,8.76,330800.0,8.7765052
2021-12-16 14:46:00,8.77,8.79,8.76,8.79,677041.0,8.7785814
2021-12-16 14:47:00,8.79,8.82,8.79,8.81,688170.0,8.783415
2021-12-16 14:48:00,8.8,8.82,8.79,8.8,653300.0,8.7859665
2021-12-16 14:49:00,8.81,8.85,8.81,8.84,571600.0,8.7942794
2021-12-16 14:50:00,8.85,8.88,8.85,8.88,3817243.0,8.8074672
2021-12-16 14:51:00,8.88,8.88,8.88,8.88,761770.0,8.8186261
2021-12-16 14:52:00,8.88,8.88,8.88,8.88,2336835.0,8.8280682
2021-12-16 14:53:00,8.88,8.88,8.87,8.87,2409408.0,8.8345193
2021-12-16 14:54:00,8.86,8.87,8.83,8.84,695490.0,8.8353624
2021-12-16 14:55:00,8.83,8.84,8.78,8.79,696600.0,8.8283836
2021-12-16 14:56:00,8.77,8.78,8.77,8.78,809106.0,8.82094
2021-12-16 14:57:00,8.77,8.77,8.77,8.77,34000.0,8.8131031
2021-12-16 14:58:00,,,,,0.0,
2021-12-16 14:59:00,,,,,0.0,
2021-12-16 15:00:00,8.77,8.77,8.77,8.77,1435900.0,8.8064718
