,tradedate,tradecode,tradename,windhy,mv,weight,tradestatus,changepctbefore,changepctafter
1,2021-12-13,600703.SH,三安光电,信息技术,1616.5942780572,0.4574,剔除,6.9650266745702405,-2.0190689848569865
2,2021-12-13,601727.SH,上海电气,工业,742.8924326516001,0.1241,剔除,-2.0703933747411973,5.769230769230793
3,2021-12-13,600233.SH,圆通速递,工业,592.7052039658,0.1054,剔除,4.101326899879387,-3.749300503637387
4,2021-12-13,600522.SH,中天科技,信息技术,572.48480801,0.2226,剔除,9.90712074303406,7.971864009378682
5,2021-12-13,002384.SZ,东山精密,信息技术,446.78833254509993,0.1662,剔除,12.921348314606739,0.038255547054322214
6,2021-12-13,601077.SH,渝农商行,金融,436.1088,0.1197,剔除,-0.25974025974028203,-0.7772020725388407
7,2021-12-13,002939.SZ,长城证券,金融,421.4424466658,0.059,剔除,6.0109289617486406,-1.9565217391304346
8,2021-12-13,002153.SZ,石基信息,信息技术,420.3258427967999,0.0637,剔除,6.618486116394062,0.8462623413258097
9,2021-12-13,600482.SH,中国动力,工业,418.52412567550004,0.0583,剔除,4.986449864498654,-0.0514933058702427
10,2021-12-13,002945.SZ,华林证券,金融,414.45,0.0144,剔除,41.08455882352941,14.365411436541153
11,2021-12-13,002673.SZ,西部证券,金融,362.930034446,0.0711,剔除,3.1766200762388674,-0.9791921664626613
12,2021-12-13,600705.SH,中航产融,金融,346.9870129903,0.104,剔除,0.2577319587629079,0.2557544757033181
13,2021-12-13,601872.SH,招商轮船,工业,346.20484490269996,0.0723,剔除,-2.2883295194508158,-5.045871559633042
14,2021-12-13,601555.SH,东吴证券,金融,343.8139752488,0.1393,剔除,-3.59085963003265,-0.3370786516853963
15,2021-12-13,002508.SZ,老板电器,可选消费,341.553755595,0.074,剔除,14.03675538656528,-4.475484606613456
16,2021-12-13,000728.SZ,国元证券,金融,332.5198752942,0.1156,剔除,1.1952191235059972,-0.3926701570680535
17,2021-12-13,600299.SH,安迪苏,医疗保健,326.6555750514,0.0241,剔除,2.784810126582271,-4.095004095004096
18,2021-12-13,002739.SZ,万达电影,可选消费,323.678214912,0.0636,剔除,3.7169406719085085,-1.2261580381471404
19,2021-12-13,600118.SH,中国卫星,工业,302.953716387,0.0769,剔除,-0.5434782608695676,-0.8560311284046551
20,2021-12-13,600521.SH,华海药业,医疗保健,299.84291399100005,0.0925,剔除,-3.2723772858517908,-5.765503875968991
21,2021-12-13,002463.SZ,沪电股份,信息技术,297.77542736099997,0.0981,剔除,2.614379084967311,-2.9900332225913706
22,2021-12-13,002456.SZ,欧菲光,信息技术,297.5184254544,0.0883,剔除,6.666666666666643,-3.646408839779003
23,2021-12-13,000860.SZ,顺鑫农业,日常消费,282.5390461101,0.085,剔除,-4.127863075761374,-4.420030659172214
24,2021-12-13,300136.SZ,信维通信,信息技术,247.1170301452,0.1245,剔除,4.032586558044793,-0.5600000000000049
25,2021-12-13,000656.SZ,金科股份,房地产,239.21926855680005,0.0676,剔除,3.2258064516129226,-5.579399141630892
26,2021-12-13,002558.SZ,巨人网络,信息技术,215.1915867716,0.0619,剔除,8.248472505091664,7.751937984496116
27,2021-12-13,002773.SZ,康弘药业,医疗保健,171.8478130026,0.0347,剔除,1.7973856209150485,-2.2945570971184437
28,2021-12-13,600340.SH,华夏幸福,房地产,142.850792483,0.033,剔除,6.413994169096204,-8.571428571428575
29,2021-12-13,300750.SZ,宁德时代,工业,15345.39196032,3.708,纳入,0.16431353456669573,1.7563872177513984
30,2021-12-13,300760.SZ,迈瑞医疗,医疗保健,4463.2889139924,0.835,纳入,5.691337766646498,-3.893790981947687
31,2021-12-13,688981.SH,中芯国际,信息技术,4426.8793718355,0.463,纳入,3.645447816432279,-5.159574468085104
32,2021-12-13,601728.SH,中国电信,电信服务,4026.3141027560005,0.091,纳入,1.616628175519641,-2.0270270270270396
33,2021-12-13,300999.SZ,金龙鱼,日常消费,3496.92654072,0.123,纳入,5.409380617748005,-3.2212885154061843
34,2021-12-13,600905.SH,三峡能源,公用事业,2082.8259,0.29,纳入,8.000000000000007,7.703488372093026
35,2021-12-13,002466.SZ,天齐锂业,材料,1769.565060834,0.499,纳入,5.494892567805554,-8.525937339496647
36,2021-12-13,688599.SH,天合光能,信息技术,1760.717655675,0.294,纳入,21.437740693196417,-0.7520650967821507
37,2021-12-13,603260.SH,合盛硅业,材料,1523.8112875322,0.096,纳入,2.670623145400608,-6.074317839023724
38,2021-12-13,002459.SZ,晶澳科技,信息技术,1491.18682643,0.267,纳入,10.094451003541916,0.9119530995548741
39,2021-12-13,300759.SZ,康龙化成,医疗保健,1386.6332131079998,0.168,纳入,2.5369978858350795,-10.789295392953935
40,2021-12-13,300896.SZ,爱美客,医疗保健,1319.774364,0.209,纳入,10.967800618519185,-6.200823045267489
41,2021-12-13,300782.SZ,卓胜微,信息技术,1214.1612355599998,0.344,纳入,-0.3449597546952954,-5.533063427800267
42,2021-12-13,000301.SZ,东方盛虹,材料,1198.5725174103,0.126,纳入,8.347902097902104,1.7717346518335342
43,2021-12-13,002709.SZ,天赐材料,材料,1189.288275615,0.296,纳入,-5.387947412417359,-5.895061728395056
44,2021-12-13,601868.SH,中国能建,工业,1121.4923018084,0.16,纳入,-3.237410071942437,3.4220532319391817
45,2021-12-13,601865.SH,福莱特,材料,1099.6387246988002,0.133,纳入,8.978723404255318,-2.150965943039229
46,2021-12-13,300316.SZ,晶盛机电,信息技术,965.4581088939999,0.201,纳入,10.424937509189803,-6.056581219285439
47,2021-12-13,603486.SH,科沃斯,可选消费,931.0832613375,0.156,纳入,2.050156739811926,-14.193365466402053
48,2021-12-13,601898.SH,中煤能源,能源,859.16138832,0.052,纳入,-0.3076923076922977,9.922480620155039
49,2021-12-13,605499.SH,东鹏饮料,日常消费,782.459561,0.036,纳入,4.130955549640669,-6.147519375757893
50,2021-12-13,688561.SH,奇安信-U,信息技术,679.8994612032001,0.108,纳入,6.042553191489364,-1.6913319238900604
51,2021-12-13,002791.SZ,坚朗五金,工业,600.861798,0.105,纳入,15.50871553962172,-4.633333333333334
52,2021-12-13,601966.SH,玲珑轮胎,可选消费,537.0499993714,0.113,纳入,-0.9113924050632938,-5.351833498513359
53,2021-12-13,002064.SZ,华峰化学,材料,515.7106892973001,0.065,纳入,3.727865796831309,-1.9213174748398898
54,2021-12-13,002568.SZ,百润股份,日常消费,506.6298069353999,0.101,纳入,10.40849673202613,-9.568261376896148
55,2021-12-13,300866.SZ,安克创新,信息技术,464.3430839975,0.075,纳入,5.163843888070696,-9.935407105218431
56,2021-12-13,300888.SZ,稳健医疗,可选消费,350.2781325604,0.032,纳入,1.3075120266436313,-3.890489913544659
57,2021-06-15,601577.SH,长沙银行,金融,369.98294536799995,0.057,剔除,-4.958677685950419,-3.4994697773064742
58,2021-06-15,603156.SH,养元饮品,日常消费,347.12489448,0.0767,剔除,-5.020775623268692,0.17373175816537412
59,2021-06-15,601117.SH,中国化学,材料,344.3234,0.0763,剔除,7.855335357443871,16.045845272206293
60,2021-06-15,600177.SH,雅戈尔,可选消费,336.99141643440004,0.1026,剔除,-2.8037383177570208,-3.5647504351814185
61,2021-06-15,600027.SH,华电国际,公用事业,331.39601554079997,0.0553,剔除,-1.17647058823529,-0.2941176470588225
62,2021-06-15,600369.SH,西南证券,金融,325.61034707600004,0.0797,剔除,-2.5844930417495027,-5.283757338551864
63,2021-06-15,600068.SH,葛洲坝(退市),工业,317.2691636868,0.0965,剔除,-1.289398280802312,1.0189228529839944
64,2021-06-15,000723.SZ,美锦能源,能源,309.88080848,0.0763,剔除,-2.9451137884872858,-8.299319727891152
65,2021-06-15,600998.SH,九州通,日常消费,306.55644156799997,0.0638,剔除,-3.7080635668039874,-4.632856729723544
66,2021-06-15,601198.SH,东兴证券,金融,294.27440210189997,0.077,剔除,-4.817127564674406,-0.6433823529411686
67,2021-06-15,600066.SH,宇通客车,可选消费,287.1659721987,0.0869,剔除,-4.514672686230248,-2.9748283752860205
68,2021-06-15,600637.SH,东方明珠,可选消费,286.1351168438,0.0906,剔除,-4.8808172531214495,-0.4761904761904856
69,2021-06-15,002422.SZ,科伦药业,医疗保健,280.808303814,0.1113,剔除,-7.294117647058817,-1.8334985133795723
70,2021-06-15,600390.SH,五矿资本,金融,273.9321864531,0.0699,剔除,-1.7741935483871152,-2.424932924532508
71,2021-06-15,600004.SH,白云机场,工业,272.88261802989996,0.0688,剔除,0.08680555555555802,-4.619332763045325
72,2021-06-15,600487.SH,亨通光电,信息技术,269.289521148,0.0843,剔除,-5.707196029776673,-0.694444444444442
73,2021-06-15,600208.SH,新湖中宝,房地产,263.1399122016,0.0677,剔除,-2.547770700636942,-4.731861198738163
74,2021-06-15,002146.SZ,荣盛发展,房地产,257.4112999792,0.0542,剔除,-1.9867549668874163,-5.775577557755773
75,2021-06-15,600271.SH,航天信息,信息技术,241.24109643059998,0.0716,剔除,-0.4587155963302725,-1.0948905109488982
76,2021-06-15,002958.SZ,青农商行,金融,238.889656845,0.0614,剔除,-2.4943310657596474,-2.0454545454545503
77,2021-06-15,000961.SZ,中南建设,房地产,232.2036860407,0.0643,剔除,-8.03030303030302,-4.800000000000004
78,2021-06-15,600297.SH,广汇汽车,可选消费,222.2246195824,0.058,剔除,-2.491103202846978,-4.642857142857137
79,2021-06-15,000671.SZ,阳光城,房地产,211.98760704,0.0452,剔除,-4.1198501872659055,-3.6328871892925663
80,2021-06-15,600498.SH,烽火通信,信息技术,204.58298289759998,0.0631,剔除,-3.2119914346895206,0.6993006993007089
81,2021-06-15,000627.SZ,天茂集团,金融,180.827027439,0.0387,剔除,-5.181347150259052,-3.7234042553191404
82,2021-06-15,601995.SH,中金公司,金融,2936.4203528044,0.076,纳入,0.3795379537953725,1.7704918032786843
83,2021-06-15,688111.SH,金山办公,信息技术,1926.058,0.34,纳入,8.519480519480528,-5.226133041804304
84,2021-06-15,300274.SZ,阳光电源,工业,1429.25750235,0.549,纳入,18.4496498430331,5.037294370082757
85,2021-06-15,688363.SH,华熙生物,医疗保健,1131.36,0.094,纳入,1.9684187756867866,7.390654826126664
86,2021-06-15,688396.SH,华润微,信息技术,1001.9497224990001,0.112,纳入,16.589861751152068,18.625800496307
87,2021-06-15,688169.SH,石头科技,可选消费,960.6800048033999,0.157,纳入,20.688442211055282,4.645475054290893
88,2021-06-15,300450.SZ,先导智能,工业,922.5655389714998,0.264,纳入,7.803223070398624,-3.8146279949558437
89,2021-06-15,300595.SZ,欧普康视,医疗保健,884.8690123196,0.247,纳入,1.5324548560273321,-3.5069671747872344
90,2021-06-15,603806.SH,福斯特,信息技术,864.3612238559999,0.182,纳入,29.460580912863055,7.834896001724312
91,2021-06-15,600132.SH,重庆啤酒,日常消费,830.2525901690001,0.224,纳入,-3.6235955056179714,6.262720241902664
92,2021-06-15,603659.SH,璞泰来,材料,816.66109896,0.133,纳入,7.603623387318126,7.330105192853575
93,2021-06-15,600426.SH,华鲁恒升,材料,703.75807424,0.214,纳入,0.48309178743961567,-6.335367625690214
94,2021-06-15,688126.SH,沪硅产业-U,信息技术,668.678096,0.068,纳入,-4.5663716814159265,7.214285714285706
95,2021-06-15,603882.SH,金域医学,医疗保健,662.921957075,0.207,纳入,-1.1163456501294688,-1.8271671382433907
96,2021-06-15,601799.SH,星宇股份,可选消费,587.530285115,0.146,纳入,2.7380722426115334,11.200540579101581
97,2021-06-15,600143.SH,金发科技,材料,521.9306111604,0.176,纳入,-5.980528511821969,0.04926108374383453
98,2021-06-15,000800.SZ,一汽解放,可选消费,507.38633710790003,0.047,纳入,-0.6375227686703067,-2.463503649635046
99,2021-06-15,603517.SH,绝味食品,日常消费,478.603882344,0.121,纳入,-6.256015399422532,-1.717902350813738
100,2021-06-15,603233.SH,大参林,日常消费,435.71784076450007,0.057,纳入,-4.956669489164245,-3.9387717005786804
101,2021-06-15,600079.SH,人福医药,医疗保健,431.4575980936,0.13,纳入,-1.307433694434057,5.176294073518384
102,2021-06-15,300558.SZ,贝达药业,医疗保健,429.82082572080003,0.125,纳入,-13.430839949853745,-3.7026647966339588
103,2021-06-15,603939.SH,益丰药房,日常消费,427.234118096,0.094,纳入,-6.053421842895535,-2.3527361449982687
104,2021-06-15,300677.SZ,英科医疗,医疗保健,358.96616712,0.127,纳入,-6.4272211720226675,4.105367793240577
105,2021-06-15,600521.SH,华海药业,医疗保健,292.0855823792,0.085,纳入,-5.27031057901608,-7.350835322195703
106,2021-06-15,603338.SH,浙江鼎力,工业,276.0470956706,0.067,纳入,-9.386454183266935,-1.3385293120976027
107,2020-12-14,601018.SH,宁波港,工业,586.455184427,0.0694,剔除,-5.115089514066485,0.26595744680852906
108,2020-12-14,601898.SH,中煤能源,能源,551.56039744,0.0452,剔除,-3.480278422273775,3.1674208144796268
109,2020-12-14,600188.SH,兖矿能源,能源,496.2060000000001,0.0565,剔除,-7.601809954751126,0.8411214953271129
110,2020-12-14,600674.SH,川投能源,公用事业,428.7688506318,0.0765,剔除,-4.039408866995064,2.311557788944718
111,2020-12-14,002466.SZ,天齐锂业,材料,415.064926623,0.1296,剔除,-1.6106442577030755,24.132895217232587
112,2020-12-14,601298.SH,青岛港,工业,381.02757,0.0238,剔除,-2.6533996683250405,3.7288135593220195
113,2020-12-14,603260.SH,合盛硅业,材料,355.7834,0.0301,剔除,-0.7068062827225274,4.284559417946676
114,2020-12-14,601828.SH,美凯龙,可选消费,341.6875,0.0228,剔除,-5.0976138828633495,-5.056179775280912
115,2020-12-14,601992.SH,金隅集团,材料,325.67201958699997,0.0574,剔除,-1.2944983818770295,-1.6286644951140072
116,2020-12-14,600372.SH,中航电子,工业,323.93999652,0.0786,剔除,-5.3521126760563416,3.3553025763930266
117,2020-12-14,600219.SH,南山铝业,材料,314.29766397599997,0.1154,剔除,-3.308823529411775,4.850746268656714
118,2020-12-14,600038.SH,中直股份,工业,300.3973344736,0.0898,剔除,-5.629629629629617,10.522182960345505
119,2020-12-14,600089.SH,特变电工,工业,294.5450041677,0.1763,剔除,-3.5279805352798177,16.666666666666696
120,2020-12-14,600398.SH,海澜之家,可选消费,289.41250588,0.0494,剔除,-0.5934718100890191,-5.059523809523814
121,2020-12-14,600170.SH,上海建工,工业,270.69369093119997,0.0761,剔除,-1.2987012987012991,-2.2580645161290436
122,2020-12-14,600867.SH,通化东宝,医疗保健,264.01170950659997,0.1071,剔除,-3.494423791821555,-1.1261261261261257
123,2020-12-14,601997.SH,贵阳银行,金融,258.085898532,0.1062,剔除,-1.715686274509809,-1.6189290161892744
124,2020-12-14,600968.SH,海油发展,能源,256.16062581479997,0.0281,剔除,1.6129032258064502,0.0
125,2020-12-14,600221.SH,*ST海航,工业,253.772416983,0.1025,剔除,-5.625000000000013,-1.9354838709677469
126,2020-12-14,600516.SH,方大炭素,材料,250.05225317760002,0.084,剔除,-2.377414561664204,0.14925373134326847
127,2020-12-14,600928.SH,西安银行,金融,247.11111114199997,0.0439,剔除,-3.472222222222221,-4.278074866310155
128,2020-12-14,600977.SH,中国电影,可选消费,236.3622,0.0552,剔除,-3.358778625954195,1.8897637795275646
129,2020-12-14,000709.SZ,河钢股份,材料,232.54751195880002,0.0533,剔除,-1.7937219730941867,0.8771929824561209
130,2020-12-14,601212.SH,白银有色,材料,202.1503441503,0.0245,剔除,-7.14285714285714,4.693140794223805
131,2020-12-14,600583.SH,海油工程,能源,190.56039188,0.0576,剔除,-5.895196506550226,0.6741573033707926
132,2020-12-14,002468.SZ,申通快递,工业,177.41997103940002,0.0432,剔除,-8.524072612470412,-7.908163265306123
133,2020-12-14,600600.SH,青岛啤酒,日常消费,1466.769341184,0.18,纳入,9.13520097442142,-0.13842198932172423
134,2020-12-14,603195.SH,公牛集团,工业,1183.14912462,0.063,纳入,2.2156496471565035,6.991468583999572
135,2020-12-14,600918.SH,中泰证券,金融,1117.0707086868001,0.072,纳入,-2.4939172749391725,6.2301335028607685
136,2020-12-14,688036.SH,传音控股,信息技术,1092.0,0.124,纳入,-0.1609128145114158,-9.157879531994817
137,2020-12-14,688008.SH,澜起科技,信息技术,1059.2005209375,0.191,纳入,14.608801955990236,-5.274396754217392
138,2020-12-14,002812.SZ,恩捷股份,材料,1016.0868091679998,0.317,纳入,7.976835419391004,17.544999072184076
139,2020-12-14,002600.SZ,领益智造,信息技术,975.3175566315001,0.172,纳入,-3.5515320334261857,-6.168359941944845
140,2020-12-14,688012.SH,中微公司,信息技术,884.9295711164999,0.172,纳入,9.591309531695025,-8.187134502923977
141,2020-12-14,603392.SH,万泰生物,医疗保健,879.08064,0.049,纳入,7.725823591923486,3.455410717980545
142,2020-12-14,600763.SH,通策医疗,医疗保健,814.457664,0.316,纳入,9.298623063683277,5.529726393746137
143,2020-12-14,600150.SH,中国船舶,工业,813.0875482044,0.061,纳入,-4.466631634261686,-2.8108108108108043
144,2020-12-14,601696.SH,中银证券,金融,729.5028,0.043,纳入,2.1789883268482635,1.0789980732177407
145,2020-12-14,600845.SH,宝信软件,信息技术,709.6705238582001,0.091,纳入,-4.001250390747102,-0.601456157011715
146,2020-12-14,002049.SZ,紫光国微,信息技术,685.5222584496,0.29,纳入,1.958483754512641,5.272793848407176
147,2020-12-14,002821.SZ,凯莱英,医疗保健,672.3719863425,0.222,纳入,2.8451665553824723,2.5923883066740094
148,2020-12-14,603087.SH,甘李药业,医疗保健,655.934874,0.042,纳入,4.546675020137836,7.505904995188506
149,2020-12-14,600584.SH,长电科技,信息技术,650.76706933,0.243,纳入,-8.579148840351248,-4.691789368604948
150,2020-12-14,688009.SH,中国通号,工业,648.0969228,0.077,纳入,0.49261083743843415,-1.9480519480519543
151,2020-12-14,002414.SZ,高德红外,信息技术,604.7449083522,0.136,纳入,1.1717709720372893,-2.7675276752767486
152,2020-12-14,300529.SZ,健帆生物,医疗保健,568.965709104,0.138,纳入,3.2632342277012283,7.294255225844193
153,2020-12-14,600872.SH,中炬高新,日常消费,554.4594870239999,0.189,纳入,-1.1504047720494293,-2.980625931445613
154,2020-12-14,300676.SZ,华大基因,医疗保健,529.65238,0.131,纳入,1.362940275650848,-2.613480055020645
155,2020-12-14,600161.SH,天坛生物,医疗保健,509.302708208,0.133,纳入,-4.403108076289142,8.510638297872353
156,2020-12-14,601990.SH,南京证券,金融,477.7523900064,0.092,纳入,-0.6134969325153339,-4.538461538461536
157,2020-12-14,002384.SZ,东山精密,信息技术,449.695107001,0.159,纳入,-10.907859078590787,-4.25925925925924
158,2020-12-14,601872.SH,招商轮船,工业,386.2088825322,0.058,纳入,-1.376936316695332,-0.7017543859649145
159,2020-06-15,600023.SH,浙能电力,公用事业,471.9439425836,0.1065,剔除,-1.4204545454545303,2.011494252873547
160,2020-06-15,600663.SH,陆家嘴,房地产,439.3241012160001,0.0771,剔除,-4.973821989528792,1.1904761904761862
161,2020-06-15,300070.SZ,碧水源,工业,267.72487185240004,0.1152,剔除,5.617977528089879,5.321782178217838
162,2020-06-15,002294.SZ,信立泰,医疗保健,251.04384,0.0636,剔除,14.50381679389312,10.9375
163,2020-06-15,600153.SH,建发股份,工业,250.631726852,0.0942,剔除,1.9607843137254832,1.5590200445434244
164,2020-06-15,600733.SH,北汽蓝谷,可选消费,240.7131283193,0.0627,剔除,13.13628899835797,4.962406015037613
165,2020-06-15,000898.SZ,鞍钢股份,材料,228.5475798843,0.0447,剔除,-4.330708661417315,3.585657370517925
166,2020-06-15,600100.SH,同方股份,信息技术,217.84657289849997,0.1354,剔除,-0.13586956521740579,3.6465638148667656
167,2020-06-15,600535.SH,天士力,医疗保健,216.91633723859997,0.1009,剔除,-0.8206566819336181,3.2684283727399066
168,2020-06-15,300017.SZ,网宿科技,信息技术,210.542349746,0.1177,剔除,10.472541507024257,-2.6136363636363735
169,2020-06-15,300024.SZ,机器人,工业,208.13596490780003,0.1082,剔除,1.444866920152088,3.681442524417733
170,2020-06-15,002081.SZ,金螳螂,工业,207.7732325286,0.0987,剔除,-2.395964691046648,0.3807106598984644
171,2020-06-15,000423.SZ,东阿阿胶,医疗保健,206.016784155,0.1195,剔除,-8.056042031523635,9.01145268233876
172,2020-06-15,000630.SZ,铜陵有色,材料,202.10943951360005,0.0904,剔除,-2.0408163265306145,0.0
173,2020-06-15,600566.SH,济川药业,医疗保健,192.24100659960004,0.0543,剔除,3.829225352112675,6.196213425129105
174,2020-06-15,000415.SZ,渤海租赁,金融,183.0618299472,0.0443,剔除,-2.950819672131133,0.9868421052631637
175,2020-06-15,002010.SZ,传化智联,工业,181.1344960968,0.056,剔除,-2.2847100175747093,1.4260249554367332
176,2020-06-15,000629.SZ,攀钢钒钛,材料,171.79492404,0.0634,剔除,-3.3816425120772875,1.9512195121951015
177,2020-06-15,000413.SZ,东旭光电,信息技术,155.8628032096,0.0925,剔除,-6.849315068493144,-0.36231884057970065
178,2020-06-15,002411.SZ,延安必康,医疗保健,107.25987363,0.0326,剔除,-1.2693935119887145,1.4814814814814836
179,2020-06-15,600816.SH,ST安信,金融,103.3667066691,0.0388,剔除,0.0,9.375000000000021
180,2020-06-15,601658.SH,邮储银行,金融,4053.20099852,0.083,纳入,-6.986042911877388,-1.7021276595744705
181,2020-06-15,601816.SH,京沪高铁,工业,3064.2446397264002,0.124,纳入,-6.3063063063063085,0.15748031496063408
182,2020-06-15,003816.SZ,中国广核,公用事业,1555.35722188,0.118,纳入,4.406779661016946,0.6622516556291425
183,2020-06-15,600745.SH,闻泰科技,信息技术,1203.6152955972,0.383,纳入,0.1965004210723098,8.570093457943928
184,2020-06-15,300601.SZ,康泰生物,医疗保健,977.4695013795,0.368,纳入,10.297465472757628,8.078853046594991
185,2020-06-15,601916.SH,浙商银行,金融,829.479174342,0.058,纳入,-1.2658227848101333,1.025641025641022
186,2020-06-15,000708.SZ,中信特钢,材料,810.0665209965001,0.041,纳入,2.752880921895029,13.102998696219048
187,2020-06-15,300014.SZ,亿纬锂能,工业,778.3158191945001,0.298,纳入,9.27648510276553,4.759626883520673
188,2020-06-15,603658.SH,安图生物,医疗保健,714.4563300208,0.142,纳入,8.913782937494608,6.212834489593666
189,2020-06-15,002371.SZ,北方华创,信息技术,707.6208919716,0.286,纳入,-7.817337461300323,3.861260901404684
190,2020-06-15,601100.SH,恒立液压,工业,651.7980000000001,0.143,纳入,1.2328767123287676,-0.8037508372404689
191,2020-06-15,002129.SZ,中环股份,信息技术,566.7793422555001,0.296,纳入,1.7500000000000293,2.110817941952514
192,2020-06-15,300628.SZ,亿联网络,信息技术,562.9189968,0.124,纳入,-0.06384676775738063,4.442622950819675
193,2020-06-15,601077.SH,渝农商行,金融,561.0358000000001,0.037,纳入,-0.20202020202019222,1.182781670061095
194,2020-06-15,000977.SZ,浪潮信息,信息技术,552.9573906123,0.267,纳入,0.1566170712607562,3.650190114068441
195,2020-06-15,603369.SH,今世缘,日常消费,464.6668,0.169,纳入,-3.44108446298228,-0.3207698476343168
196,2020-06-15,002157.SZ,正邦科技,日常消费,407.7852895629,0.148,纳入,1.9399249061326618,10.865322055953142
197,2020-06-15,601231.SH,环旭电子,信息技术,404.38227697199994,0.097,纳入,-5.408163265306132,14.050329208096901
198,2020-06-15,002463.SZ,沪电股份,信息技术,404.1012781509,0.204,纳入,-4.132569558101484,4.353393085787438
199,2020-06-15,000860.SZ,顺鑫农业,日常消费,402.779475027,0.2,纳入,-5.3168289789472745,0.2545917439534362
200,2020-06-15,000066.SZ,中国长城,信息技术,377.1498484264,0.157,纳入,-4.023845007451554,2.5502318392581103
201,2019-12-16,600688.SH,上海石化,能源,406.9753876,0.068,剔除,-2.842377260981921,1.0526315789473717
202,2019-12-16,002065.SZ,东华软件,信息技术,351.4264119,0.1416,剔除,8.565928777670816,0.4766444232602307
203,2019-12-16,300251.SZ,光线传媒,可选消费,346.165794976,0.0701,剔除,14.563106796116498,7.5837742504409
204,2019-12-16,600704.SH,物产中大,工业,263.739684284,0.0805,剔除,2.1568627450980316,1.547388781431347
205,2019-12-16,601228.SH,广州港,工业,240.914702,0.0559,剔除,1.5665796344647598,-0.25839793281654533
206,2019-12-16,000553.SZ,安道麦A,材料,236.33707602119998,0.0356,剔除,0.31152647975074554,0.8205128205128309
207,2019-12-16,000402.SZ,金融街,房地产,235.22878368090005,0.0747,剔除,-1.6250000000000098,3.0418250950570602
208,2019-12-16,603858.SH,步长制药,医疗保健,233.90986698899997,0.0931,剔除,2.8098344204716463,1.535413571074784
209,2019-12-16,002625.SZ,光启技术,工业,230.97181880640002,0.033,剔除,10.629514963880315,-1.3307984790874472
210,2019-12-16,600415.SH,小商品城,房地产,206.2978172704,0.0844,剔除,-3.069053708439884,1.6042780748662944
211,2019-12-16,002925.SZ,盈趣科技,信息技术,203.19023460000003,0.0459,剔除,2.9241123230447696,2.031394275161591
212,2019-12-16,600339.SH,中油工程,能源,190.94364350819998,0.0428,剔除,3.6363636363636376,0.588235294117645
213,2019-12-16,300296.SZ,利亚德,信息技术,184.35855176,0.0883,剔除,13.636363636363647,11.178247734138957
214,2019-12-16,300072.SZ,三聚环保,工业,145.9176307542,0.0546,剔除,8.18815331010454,7.758620689655182
215,2019-12-16,000408.SZ,藏格矿业,材料,141.9571019664,0.0424,剔除,-12.53071253071253,2.1008403361344463
216,2019-12-16,002310.SZ,东方园林,工业,129.43926859279998,0.059,剔除,0.8368200836820217,4.612159329140475
217,2019-12-16,603501.SH,韦尔股份,信息技术,1287.6338219082002,0.18,纳入,2.2144522144522227,-0.16596959437030767
218,2019-12-16,002607.SZ,中公教育,可选消费,1129.8675680647998,0.088,纳入,-3.578947368421048,-5.336927223719689
219,2019-12-16,600989.SH,宝丰能源,材料,698.135872,0.056,纳入,0.634249471458781,0.9503695881731611
220,2019-12-16,601236.SH,红塔证券,金融,618.7689389388,0.049,纳入,7.784810126582276,5.622732769044747
221,2019-12-16,002841.SZ,视源股份,信息技术,583.865668126,0.045,纳入,2.8528528528528607,4.945958646616533
222,2019-12-16,600183.SH,生益科技,信息技术,547.196398136,0.173,纳入,2.5597269624573205,-5.087644292432659
223,2019-12-16,600848.SH,上海临港,房地产,524.8864325364,0.071,纳入,3.6960132890365482,2.520661157024806
224,2019-12-16,002916.SZ,深南电路,信息技术,519.6959039999999,0.105,纳入,4.2619825708061,0.2571041948579156
225,2019-12-16,300347.SZ,泰格医药,医疗保健,481.21567489200004,0.24,纳入,2.2292993630573354,-3.6454276367035354
226,2019-12-16,603899.SH,晨光文具,工业,454.388,0.13,纳入,-0.4635227730753644,-7.061412282456492
227,2019-12-16,601698.SH,中国卫通,电信服务,442.0,0.033,纳入,8.121330724070441,4.323827046918138
228,2019-12-16,000723.SZ,美锦能源,能源,348.02743311480003,0.084,纳入,1.0714285714285676,9.818181818181838
229,2019-12-16,002958.SZ,青农商行,金融,330.555555582,0.029,纳入,2.2336769759450092,13.265306122448983
230,2019-12-16,600928.SH,西安银行,金融,312.000000039,0.028,纳入,2.481751824817513,6.276747503566349
231,2019-12-16,600655.SH,豫园股份,可选消费,303.3218093884,0.088,纳入,1.0349288486416475,0.3875968992247847
232,2019-12-16,600968.SH,海油发展,能源,297.8375530307,0.043,纳入,2.807017543859658,2.3972602739726234
233,2019-06-17,601991.SH,大唐发电,公用事业,568.1560124728,0.0698,剔除,-2.5396825396825418,0.9708737864077666
234,2019-06-17,001965.SZ,招商公路,工业,502.2885947061,0.04,剔除,-0.24539877300613355,3.571428571428581
235,2019-06-17,601333.SH,广深铁路,工业,228.7982451,0.0942,剔除,0.31055900621117516,4.0752351097178785
236,2019-06-17,600909.SH,华安证券,金融,223.7778,0.0982,剔除,4.853171805109091,7.654723127035834
237,2019-06-17,600549.SH,厦门钨业,材料,222.03042130100002,0.1089,剔除,4.039735099337749,-4.193548387096779
238,2019-06-17,600739.SH,辽宁成大,可选消费,220.278213504,0.1344,剔除,10.26033690658501,9.125188536953255
239,2019-06-17,002797.SZ,第一创业,金融,218.9,0.1131,剔除,5.932203389830515,9.849749582637735
240,2019-06-17,601611.SH,中国核建,工业,209.475,0.0528,剔除,4.862023653088032,4.731457800511496
241,2019-06-17,600157.SH,永泰能源,公用事业,206.2682024116,0.0992,剔除,1.2195121951219523,4.166666666666674
242,2019-06-17,000983.SZ,山西焦煤,能源,197.89536,0.0841,剔除,3.289473684210531,5.38336052202284
243,2019-06-17,000959.SZ,首钢股份,材料,186.71545288,0.0493,剔除,1.4367816091954033,4.6242774566473965
244,2019-06-17,000792.SZ,盐湖股份,材料,178.86701658419997,0.0897,剔除,-8.936170212765958,-6.804733727810652
245,2019-06-17,002572.SZ,索菲亚,可选消费,165.016281597,0.1049,剔除,-3.509719222462182,2.391546162402669
246,2019-06-17,000839.SZ,中信国安,可选消费,161.4968457024,0.0968,剔除,-9.251101321585898,3.1026252983293645
247,2019-06-17,002085.SZ,万丰奥威,可选消费,157.23664884820002,0.0838,剔除,-3.4245389339344845,3.4285714285714475
248,2019-06-17,000503.SZ,国新健康,信息技术,151.900952476,0.1121,剔除,-3.3180778032036895,6.694069289489124
249,2019-06-17,600518.SH,*ST康美,医疗保健,148.71846408250002,0.1048,剔除,-7.716049382716051,-11.147540983606552
250,2019-06-17,000826.SZ,启迪环境,工业,145.77597808959996,0.0628,剔除,6.2565172054223295,32.415902140672785
251,2019-06-17,002450.SZ,康得退(退市),材料,92.06340733200001,0.0513,剔除,1.9607843137255054,2.6819923371647514
252,2019-06-17,601319.SH,中国人保,金融,3940.3575609453005,0.082,纳入,2.5316455696202667,10.526315789473673
253,2019-06-17,300498.SZ,温氏股份,日常消费,1998.2603050547,1.076,纳入,0.9122618728199638,-4.9923586347427324
254,2019-06-17,600663.SH,陆家嘴,房地产,612.3911713919999,0.11,纳入,3.335602450646702,2.5384101536406023
255,2019-06-17,002938.SZ,鹏鼎控股,信息技术,580.1691348160001,0.06,纳入,-0.9080142123963464,12.133386902370425
256,2019-06-17,000596.SZ,古井贡酒,日常消费,522.83752,0.11,纳入,1.465989053948391,7.873437299448094
257,2019-06-17,601162.SH,天风证券,金融,510.748,0.045,纳入,8.470847084708467,12.040211009174296
258,2019-06-17,601298.SH,青岛港,工业,504.35847,0.033,纳入,1.436031331592691,5.806451612903207
259,2019-06-17,002939.SZ,长城证券,金融,429.8216411135,0.046,纳入,1.8382352941176405,11.820159535895591
260,2019-06-17,300413.SZ,芒果超媒,可选消费,397.96673782,0.069,纳入,-0.2624671916010568,4.102564102564088
261,2019-06-17,002739.SZ,万达电影,可选消费,394.07000340480005,0.124,纳入,2.4311183144246407,2.3872679045092715
262,2019-06-17,002945.SZ,华林证券,金融,368.82,0.04,纳入,-0.46376933139534726,35.146743020758755
263,2019-06-17,603019.SH,中科曙光,信息技术,343.64115333020004,0.178,纳入,3.441734417344189,5.681522022413343
264,2019-06-17,000656.SZ,金科股份,房地产,335.3341532448,0.104,纳入,4.743807524290933,-3.4428794992175327
265,2019-06-17,002410.SZ,广联达,信息技术,322.19385455400004,0.179,纳入,2.508960573476693,8.233686368295178
266,2019-06-17,000629.SZ,攀钢钒钛,材料,322.115482575,0.117,纳入,15.740740740740744,0.5730659025787954
267,2019-06-17,601577.SH,长沙银行,金融,321.626052876,0.029,纳入,1.0752688172043001,5.507559395248385
268,2019-06-17,600733.SH,北汽蓝谷,可选消费,300.1053370483,0.028,纳入,-2.828054298642535,1.8539976825028726
269,2019-06-17,600299.SH,安迪苏,医疗保健,279.9904929012,0.025,纳入,2.478183630662878,3.771760154738879
270,2019-06-17,002010.SZ,传化智联,工业,262.254081579,0.079,纳入,3.603603603603611,3.067451669281196
271,2018-12-17,600663.SH,陆家嘴,房地产,455.19194448,0.1103,剔除,-2.449567723342949,-2.9520295202952074
272,2018-12-17,002739.SZ,万达电影,可选消费,405.3079102761,0.1537,剔除,-1.1597938144329856,-0.2994011976047761
273,2018-12-17,000540.SZ,中天金融,房地产,341.1559028673,0.2075,剔除,0.0,0.0
274,2018-12-17,601866.SH,中远海发,工业,278.058375,0.0767,剔除,2.586206896551735,-3.765690376569042
275,2018-12-17,002608.SZ,江苏国信,金融,276.9332423032,0.0412,剔除,-3.8057742782152237,-3.653585926928282
276,2018-12-17,600959.SH,江苏有线,可选消费,218.91242733000004,0.0755,剔除,-1.1135857461024523,-3.424657534246567
277,2018-12-17,600008.SH,首创环保,公用事业,211.49867330040001,0.0814,剔除,2.197802197802212,-4.109589041095885
278,2018-12-17,002470.SZ,ST金正,材料,202.0442355606,0.1008,剔除,2.8475711892797184,-1.3157894736842035
279,2018-12-17,601958.SH,金钼股份,材料,193.91892444,0.0594,剔除,-0.9884678747940634,0.836120401337781
280,2018-12-17,600820.SH,隧道股份,工业,192.7330905622,0.1139,剔除,5.326460481099637,-0.5000000000000004
281,2018-12-17,600376.SH,首开股份,房地产,187.27643656919997,0.0894,剔除,9.172932330827056,1.5714285714285792
282,2018-12-17,002500.SZ,山西证券,金融,175.94670451660005,0.1134,剔除,0.0,0.6514657980456029
283,2018-12-17,601099.SH,太平洋,金融,175.17933070899997,0.1951,剔除,-1.9083969465648942,-1.5444015444015413
284,2018-12-17,000623.SZ,吉林敖东,医疗保健,173.486025524,0.1492,剔除,-0.20066889632106566,-2.6192075218267385
285,2018-12-17,600373.SH,中文传媒,可选消费,171.96691512,0.0683,剔除,-0.6369426751592355,0.3132341425215568
286,2018-12-17,000559.SZ,万向钱潮,可选消费,154.45224536940003,0.0791,剔除,1.0810810810810922,-2.7272727272727337
287,2018-12-17,601718.SH,际华集团,可选消费,153.70702914,0.0636,剔除,-2.777777777777779,-0.29069767441860517
288,2018-12-17,002385.SZ,大北农,日常消费,147.656186502,0.075,剔除,-3.0640668523676973,-3.4383954154727836
289,2018-12-17,000060.SZ,中金岭南,材料,146.71406693970002,0.108,剔除,0.0,-2.4330900243308973
290,2018-12-17,000723.SZ,美锦能源,能源,139.9248215784,0.0458,剔除,-2.564102564102555,-6.285714285714306
291,2018-12-17,002074.SZ,国轩高科,工业,138.8987300818,0.0879,剔除,0.9083402146986108,-6.666666666666677
292,2018-12-17,300027.SZ,华谊兄弟,可选消费,136.952840031,0.0847,剔除,-1.4084507042253391,-2.0161290322580627
293,2018-12-17,600682.SH,南京新百,可选消费,122.93704605180001,0.0555,剔除,-3.1568228105906426,-7.010309278350513
294,2018-12-17,600804.SH,鹏博士,电信服务,107.8639743747,0.1208,剔除,-3.3376123234916566,-4.485488126649084
295,2018-12-17,601138.SH,工业富联,信息技术,2418.5828672616,0.146,纳入,3.0201342281879207,-2.4875621890547372
296,2018-12-17,603259.SH,药明康德,医疗保健,912.9240632067999,0.084,纳入,-1.197529307954115,-3.7263131120437443
297,2018-12-17,601066.SH,中信建投,金融,804.3997270376,0.041,纳入,1.9379844961240122,0.4854368932038611
298,2018-12-17,002120.SZ,韵达股份,工业,496.0166212096,0.044,纳入,1.8642279282448104,4.315789473684206
299,2018-12-17,600027.SH,华电国际,公用事业,455.6695213686,0.165,纳入,-3.1446540880503138,1.4893617021276562
300,2018-12-17,002032.SZ,苏泊尔,可选消费,454.72278065199987,0.092,纳入,0.5812897366030745,-6.055676066522054
301,2018-12-17,600760.SH,中航沈飞,工业,434.8208729925,0.124,纳入,4.020100502512558,-1.4739600393056107
302,2018-12-17,002311.SZ,海大集团,日常消费,363.8495957200001,0.195,纳入,-3.157894736842104,-6.387478849407779
303,2018-12-17,603156.SH,养元饮品,日常消费,329.630952,0.027,纳入,2.867889045604133,-0.997679814385144
304,2018-12-17,002001.SZ,新和成,医疗保健,328.31559944,0.137,纳入,-8.117859290438956,-8.901515151515149
305,2018-12-17,002422.SZ,科伦药业,医疗保健,321.80546925000004,0.19,纳入,1.3605442176870763,-9.504685408299851
306,2018-12-17,000661.SZ,长春高新,医疗保健,300.0610242335,0.254,纳入,-9.622380488804637,-8.541893362350395
307,2018-12-17,002179.SZ,中航光电,信息技术,298.5801931475,0.142,纳入,-0.7884362680683266,-14.07932755450486
308,2018-12-17,300142.SZ,沃森生物,医疗保健,292.881745452,0.25,纳入,0.3159557661927437,-5.343511450381655
309,2018-12-17,600998.SH,九州通,日常消费,283.7149719243,0.088,纳入,2.8590878148400334,-1.603206412825653
310,2018-12-17,000703.SZ,恒逸石化,材料,281.46804293199995,0.161,纳入,-0.08190008190011033,-6.923682140047216
311,2018-12-17,600566.SH,济川药业,医疗保健,280.2156378312,0.116,纳入,2.0474777448070913,-0.4725339633786074
312,2018-12-17,002773.SZ,康弘药业,医疗保健,242.1762416984,0.049,纳入,-1.0468319559228556,-2.7093596059113323
313,2018-12-17,000553.SZ,安道麦A,材料,240.985527827,0.024,纳入,-0.5050505050505083,-5.172413793103436
314,2018-12-17,000408.SZ,藏格矿业,材料,231.27842455200002,0.071,纳入,0.17271157167528806,-5.612244897959173
315,2018-12-17,002271.SZ,东方雨虹,材料,227.87262886399998,0.124,纳入,6.442577030812324,-6.810740013097572
316,2018-12-17,600004.SH,白云机场,工业,221.2103629466,0.111,纳入,3.8872691933916625,-3.4905660377358427
317,2018-12-17,300296.SZ,利亚德,信息技术,203.1758384224,0.125,纳入,1.3959390862944288,-4.303797468354431
318,2018-12-17,603986.SH,兆易创新,信息技术,197.11630794,0.094,纳入,-9.701395227539432,-5.034032898468521
319,2018-06-11,600485.SH,*ST信威(退市),信息技术,426.57407189379995,0.2333,剔除,0.0,0.0
320,2018-06-11,600871.SH,石化油服,能源,385.38210266989995,0.036,剔除,-1.9323671497584627,-0.9756097560975729
321,2018-06-11,002841.SZ,视源股份,信息技术,363.83074,0.0336,剔除,-2.2214448137135023,1.473531016918317
322,2018-06-11,601118.SH,海南橡胶,日常消费,283.2981201614,0.0775,剔除,0.0,0.0
323,2018-06-11,600685.SH,中船防务,工业,217.53863157420002,0.0499,剔除,-5.0586057988895705,-10.591293047433414
324,2018-06-11,002831.SZ,裕同科技,材料,207.965199,0.0198,剔除,1.1675423234092097,2.4837374334713225
325,2018-06-11,601966.SH,玲珑轮胎,可选消费,206.04000000000005,0.0793,剔除,-3.9709172259507652,-4.3288557219147705
326,2018-06-11,601375.SH,中原证券,金融,205.0607471,0.0398,剔除,-1.6697588126159513,-4.339622641509422
327,2018-06-11,600827.SH,百联股份,日常消费,203.395165338,0.0862,剔除,-2.3136246786632397,-9.32642487046632
328,2018-06-11,600895.SH,张江高科,房地产,200.55529672499995,0.0909,剔除,1.4890282131661436,-6.4638783269961975
329,2018-06-11,002465.SZ,海格通信,信息技术,200.5126975401,0.1423,剔除,-10.504634397528346,-6.920415224913501
330,2018-06-11,601872.SH,招商轮船,工业,192.37032946559998,0.0755,剔除,-6.683804627249367,-0.8108108108108136
331,2018-06-11,002174.SZ,游族网络,信息技术,183.46861577449997,0.0821,剔除,0.24271844660190833,1.750000000000007
332,2018-06-11,002424.SZ,贵州百灵,医疗保健,181.90368,0.0518,剔除,-2.569916855631138,-5.407728697631898
333,2018-06-11,600021.SH,上海电力,公用事业,177.3507661664,0.0695,剔除,-6.361323155216281,-0.9370816599732157
334,2018-06-11,600649.SH,城投控股,房地产,172.26410067540002,0.0806,剔除,-2.295552367288378,-2.8901734104046284
335,2018-06-11,000686.SZ,东北证券,金融,163.83170405,0.092,剔除,-2.6425591098748202,-2.1542693976097538
336,2018-06-11,000750.SZ,国海证券,金融,161.0337033304,0.1065,剔除,-2.551020408163285,-2.0779220779220786
337,2018-06-11,000738.SZ,航发控制,工业,157.9840799271,0.0592,剔除,-2.887323943661979,-6.6234701223902075
338,2018-06-11,002292.SZ,奥飞娱乐,可选消费,149.96612751250004,0.0569,剔除,-4.411764705882348,-3.4759358288770192
339,2018-06-11,000008.SZ,神州高铁,工业,139.78915852640003,0.0865,剔除,-10.053861006168962,0.0
340,2018-06-11,002426.SZ,胜利精密,信息技术,135.5957981286,0.0788,剔除,-4.8309178743961345,-10.224438902743138
341,2018-06-11,601608.SH,中信重工,工业,129.7486368607,0.049,剔除,-3.548387096774197,-3.6423841059602613
342,2018-06-11,300315.SZ,掌趣科技,信息技术,126.867671698,0.102,剔除,-8.183632734530944,-4.793028322440085
343,2018-06-11,002839.SZ,张家港行,金融,126.52686655,0.0129,剔除,-1.2693935119887145,-5.285714285714283
344,2018-06-11,601163.SH,三角轮胎,可选消费,123.92,0.0353,剔除,-3.7888198757763947,-5.1889814221652735
345,2018-06-11,600074.SH,退市保千(退市),信息技术,30.717364217400004,0.0137,剔除,5.882352941176472,13.333333333333353
346,2018-06-11,601360.SH,三六零,信息技术,2432.3542380532,0.11,纳入,4.111175448755078,-11.994535519125693
347,2018-06-11,603288.SH,海天味业,日常消费,2051.8366093199998,0.558,纳入,-2.5154004106776373,-3.19731276436922
348,2018-06-11,601238.SH,广汽集团,可选消费,1391.9440781844,0.067,纳入,2.746365105008053,-5.274619785584688
349,2018-06-11,600346.SH,恒力石化,材料,790.7616232625,0.104,纳入,-3.2158317872603592,-0.3785488958990557
350,2018-06-11,601828.SH,美凯龙,可选消费,678.6754056474001,0.045,纳入,-6.663055254604555,-4.5989904655075575
351,2018-06-11,300433.SZ,蓝思科技,信息技术,644.6661274352,0.103,纳入,6.469821971341716,-10.129659643435984
352,2018-06-11,600025.SH,华能水电,公用事业,606.6,0.051,纳入,0.0,-2.9585798816568087
353,2018-06-11,600398.SH,海澜之家,可选消费,603.3773891932,0.214,纳入,-0.50582599750012,-3.6153846153846203
354,2018-06-11,002493.SZ,荣盛石化,材料,593.5787999999999,0.166,纳入,-1.9848771266540721,0.0
355,2018-06-11,600809.SH,山西汾酒,日常消费,549.5538944302,0.153,纳入,-3.0696395846059987,-1.1730205278592476
356,2018-06-11,600867.SH,通化东宝,医疗保健,519.960319698,0.322,纳入,3.770491803278686,-7.893723527146701
357,2018-06-11,001965.SZ,招商公路,工业,519.5875868977,0.042,纳入,0.7185628742514938,-3.8415366146458574
358,2018-06-11,601808.SH,中海油服,能源,495.7684088,0.053,纳入,-0.09615384615383471,-2.421193907005781
359,2018-06-11,603260.SH,合盛硅业,材料,491.11,0.049,纳入,9.370337212772316,-5.578990338821599
360,2018-06-11,600516.SH,方大炭素,材料,477.2503400504001,0.245,纳入,-1.8756895917616756,-1.3873265841769844
361,2018-06-11,601108.SH,财通证券,金融,471.2357,0.042,纳入,3.630623520126286,1.333333333333342
362,2018-06-11,600487.SH,亨通光电,信息技术,458.5163279364,0.275,纳入,2.9618320610687032,-5.113306217315539
363,2018-06-11,300408.SZ,三环集团,信息技术,428.318920212,0.23,纳入,4.414261460101865,-4.338574802027873
364,2018-06-11,600176.SH,中国巨石,材料,414.6731309216,0.201,纳入,-1.4975041597337757,-1.2701100762065987
365,2018-06-11,000786.SZ,北新建材,材料,391.1623841079,0.146,纳入,2.1362878789386475,0.13876040703051373
366,2018-06-11,002050.SZ,三花智控,工业,385.473600603,0.15,纳入,7.319952774498217,1.118568232662187
367,2018-06-11,601838.SH,成都银行,金融,367.72718580120005,0.033,纳入,-5.664413730803974,-4.5586808923375415
368,2018-06-11,002625.SZ,光启技术,工业,283.32830385299997,0.047,纳入,-3.2084642921600626,-5.182481751824808
369,2018-06-11,600438.SH,通威股份,信息技术,276.42490206400004,0.125,纳入,-24.496288441145285,-10.800508259212204
370,2018-06-11,002925.SZ,盈趣科技,信息技术,264.083832,0.047,纳入,-0.34352456200617,-11.856526071072738
371,2018-06-11,600339.SH,中油工程,能源,251.7999509421,0.07,纳入,-1.7429193899782147,-8.874458874458869
372,2018-06-11,002085.SZ,万丰奥威,可选消费,239.9007006766,0.115,纳入,5.990338164251208,-2.8440366972477094
373,2017-12-11,300104.SZ,乐视退(退市),信息技术,611.5811814336,0.3231,剔除,0.0,0.0
374,2017-12-11,600150.SH,中国船舶,工业,339.9816114266,0.1497,剔除,0.0,0.0
375,2017-12-11,002049.SZ,紫光国微,信息技术,305.7148922784,0.1613,剔除,4.306418219461694,7.581753801291402
376,2017-12-11,600256.SH,广汇能源,能源,256.3719519844,0.1241,剔除,2.07900207900209,0.3968253968253732
377,2017-12-11,000977.SZ,浪潮信息,信息技术,250.114921174,0.1312,剔除,2.5912215758857826,5.955603681645916
378,2017-12-11,002195.SZ,二三四五,信息技术,207.61737774879998,0.1094,剔除,1.9386106623586308,-1.7857142857142905
379,2017-12-11,000793.SZ,华闻集团,可选消费,201.930639266,0.1832,剔除,-0.9813542688910659,9.180651530108609
380,2017-12-11,600718.SH,东软集团,信息技术,192.615090775,0.1176,剔除,2.717031146454607,1.9986675549633626
381,2017-12-11,600037.SH,歌华有线,可选消费,190.5343923196,0.0884,剔除,-5.128205128205144,-2.284450994841558
382,2017-12-11,600060.SH,海信视像,可选消费,190.12232155659999,0.1036,剔除,-0.9543285616905317,-1.3966480446927387
383,2017-12-11,300133.SZ,华策影视,可选消费,189.18138122489998,0.0643,剔除,2.101241642788909,0.2814258911819856
384,2017-12-11,601127.SH,小康股份,可选消费,187.47704,0.0321,剔除,2.383316782522349,2.7472527472527375
385,2017-12-11,000156.SZ,华数传媒,可选消费,185.90574168940003,0.0675,剔除,-3.5687732342007283,-3.0279503105590133
386,2017-12-11,002299.SZ,圣农发展,日常消费,184.68259703299998,0.0627,剔除,4.26871938418476,3.767123287671237
387,2017-12-11,002152.SZ,广电运通,信息技术,168.564669315,0.0732,剔除,3.427719821162456,4.3604651162790775
388,2017-12-11,002131.SZ,利欧股份,可选消费,168.2427000072,0.0738,剔除,1.6891891891891886,-2.3333333333333317
389,2017-12-11,600737.SH,中粮糖业,日常消费,167.02271901700001,0.0757,剔除,-2.163461538461542,2.7295285359801413
390,2017-12-11,000555.SZ,神州信息,信息技术,161.18205197289998,0.0426,剔除,0.0,-8.547519426180505
391,2017-12-11,000009.SZ,中国宝安,工业,160.1262003395,0.1435,剔除,0.40431266846361336,-0.4098360655737765
392,2017-12-11,002183.SZ,怡亚通,工业,156.3176377235,0.0993,剔除,-0.9408602150537626,-1.6282225237449266
393,2017-12-11,000718.SZ,苏宁环球,房地产,142.3244464096,0.0659,剔除,-3.0991735537189924,-2.9850746268656803
394,2017-12-11,300168.SZ,万达信息,信息技术,137.5464244428,0.0817,剔除,6.891025641025639,-0.6813020439061401
395,2017-12-11,600446.SH,金证股份,信息技术,133.51801905,0.0686,剔除,6.104844061048431,0.9615384615384581
396,2017-12-11,000917.SZ,电广传媒,可选消费,128.71411549040002,0.0941,剔除,-0.8733624454148603,0.0
397,2017-12-11,600011.SH,华能国际,公用事业,992.585038632,0.221,纳入,1.7133956386292892,0.45941807044409533
398,2017-12-11,601898.SH,中煤能源,能源,774.30594256,0.089,纳入,-0.6802721088435382,-3.7606837606837584
399,2017-12-11,601012.SH,隆基股份,信息技术,715.1276840306999,0.434,纳入,3.167290526921973,4.445098616426257
400,2017-12-11,601991.SH,大唐发电,公用事业,568.3386045806,0.106,纳入,1.425178147268391,-1.6627078384798155
401,2017-12-11,601878.SH,浙商证券,金融,545.0000109000001,0.052,纳入,3.875476493011454,-1.538461538461533
402,2017-12-11,300136.SZ,信维通信,信息技术,530.9272714476,0.34,纳入,-6.862068965517243,-2.9078549848942647
403,2017-12-11,002460.SZ,赣锋锂业,材料,512.2743489612,0.312,纳入,-2.1578727551162413,2.415738463763928
404,2017-12-11,603799.SH,华友钴业,材料,508.3387472664,0.203,纳入,-1.7188037126160127,4.802469135802467
405,2017-12-11,603833.SH,欧派家居,可选消费,485.578617688,0.042,纳入,4.196750902527091,5.894905308082143
406,2017-12-11,300122.SZ,智飞生物,医疗保健,480.16,0.115,纳入,0.03333333333332966,-3.111408497825352
407,2017-12-11,000898.SZ,鞍钢股份,材料,469.5390292703,0.1,纳入,-3.994082840236668,-3.5603715170278494
408,2017-12-11,601212.SH,白银有色,材料,463.00493356879997,0.044,纳入,-4.460431654676267,-1.062215477996975
409,2017-12-11,002624.SZ,完美世界,信息技术,448.31064274700014,0.112,纳入,7.300188797986151,-1.3400833829660175
410,2017-12-11,600390.SH,五矿资本,金融,443.8091252288,0.034,纳入,2.3336214347450257,1.7902813299232712
411,2017-12-11,002294.SZ,信立泰,医疗保健,438.280704,0.161,纳入,10.26315789473684,9.004988185875561
412,2017-12-11,300015.SZ,爱尔眼科,医疗保健,435.9266417535,0.16,纳入,1.165254237288127,-1.640488656195449
413,2017-12-11,300003.SZ,乐普医疗,医疗保健,430.09101512940003,0.22,纳入,8.154121863799269,3.7446808510638308
414,2017-12-11,601228.SH,广州港,工业,391.408976,0.039,纳入,-3.511450381679382,-1.2820512820512886
415,2017-12-11,002468.SZ,申通快递,工业,371.6787659048001,0.064,纳入,0.4966887417218624,-0.04142502071252663
416,2017-12-11,002608.SZ,江苏国信,金融,338.6524281243,0.056,纳入,3.376365441906648,-0.5797101449275477
417,2017-12-11,600219.SH,南山铝业,材料,332.1145939305,0.174,纳入,-2.1798365122615793,-1.404494382022481
418,2017-12-11,002572.SZ,索菲亚,可选消费,327.81634004999995,0.174,纳入,-1.498335183129862,-4.8888888888888875
419,2017-12-11,002601.SZ,龙佰集团,材料,325.94810841559996,0.083,纳入,-2.2154450341838383,1.0691823899371178
420,2017-12-11,000723.SZ,美锦能源,能源,295.62711134399996,0.072,纳入,-2.571041948579156,-0.1392757660166999
421,2017-06-12,000039.SZ,中集集团,工业,493.68077818020004,0.1235,剔除,0.0,1.7139479905437405
422,2017-06-12,300015.SZ,爱尔眼科,医疗保健,331.8214889048,0.1374,剔除,2.3932426091037184,5.476300046019333
423,2017-06-12,002085.SZ,万丰奥威,可选消费,330.43751934579996,0.1712,剔除,-0.46113306982872304,5.559232296492378
424,2017-06-12,000778.SZ,新兴铸管,材料,288.9397247424,0.1363,剔除,6.0029282576866905,0.7062146892655274
425,2017-06-12,600867.SH,通化东宝,医疗保健,286.3205257006,0.2057,剔除,1.6353698959207463,1.956135151155891
426,2017-06-12,603885.SH,吉祥航空,工业,285.21171042099996,0.058,剔除,0.770975056689327,-1.4553181134276394
427,2017-06-12,000027.SZ,深圳能源,公用事业,267.2067336378,0.0794,剔除,1.812688821752273,-1.8895348837209336
428,2017-06-12,600754.SH,锦江酒店,可选消费,257.110140496,0.044,剔除,3.0326109517830435,-2.9226785053644178
429,2017-06-12,300182.SZ,捷成股份,信息技术,247.9084115112,0.1038,剔除,-1.4256619144602967,-0.7106598984771728
430,2017-06-12,601928.SH,凤凰传媒,可选消费,244.81937999999997,0.0749,剔除,0.6276150627614996,1.2396694214876103
431,2017-06-12,002129.SZ,中环股份,信息技术,218.6783557382,0.1123,剔除,0.0,0.0
432,2017-06-12,600875.SH,东方电气,工业,218.2664943712,0.1125,剔除,-0.32017075773744796,-0.6315789473684164
433,2017-06-12,600666.SH,ST瑞德,工业,213.55476576,0.1316,剔除,0.0,0.0
434,2017-06-12,601258.SH,庞大集团,可选消费,197.5818766992,0.1392,剔除,-1.661129568106312,-1.655629139072845
435,2017-06-12,600648.SH,外高桥,工业,197.4372126636,0.0663,剔除,0.0,0.0
436,2017-06-12,600582.SH,天地科技,工业,183.3394879156,0.0706,剔除,5.72792362768495,5.152224824356
437,2017-06-12,300146.SZ,汤臣倍健,日常消费,173.939078404,0.087,剔除,0.6808510638297793,-2.864363942712711
438,2017-06-12,600654.SH,ST中安,信息技术,172.9512297216,0.1244,剔除,-5.003523608174765,0.0
439,2017-06-12,600873.SH,梅花生物,日常消费,171.5741084856,0.1071,剔除,-0.5405405405405461,1.0849909584086603
440,2017-06-12,300058.SZ,蓝色光标,可选消费,170.30534058900002,0.1023,剔除,-0.12562814070350425,-1.856435643564347
441,2017-06-12,300002.SZ,神州泰岳,信息技术,162.96674387040002,0.1173,剔除,-0.9535160905840279,-0.47732696897376803
442,2017-06-12,002568.SZ,百润股份,日常消费,158.75255,0.0301,剔除,1.4880952380952328,-0.5269320843091396
443,2017-06-12,600839.SH,四川长虹,可选消费,158.3371768146,0.1259,剔除,0.5865102639296182,2.0172910662824117
444,2017-06-12,000800.SZ,一汽解放,可选消费,157.542,0.08,剔除,0.7284079084287187,1.9447287615148579
445,2017-06-12,000061.SZ,农产品,日常消费,152.38737896380002,0.0605,剔除,2.277904328018243,0.11013215859030367
446,2017-06-12,000712.SZ,锦龙股份,金融,143.2704,0.0682,剔除,4.783748361730011,8.659397049390627
447,2017-06-12,603000.SH,人民网,信息技术,142.634146224,0.0726,剔除,-0.7692307692307665,0.5275056518462717
448,2017-06-12,600252.SH,中恒集团,医疗保健,139.69930730939998,0.1136,剔除,-0.24813895781639062,0.990099009900991
449,2017-06-12,600783.SH,鲁信创投,工业,120.95838527499998,0.0484,剔除,-1.7533252720677073,1.5466983938132062
450,2017-06-12,300085.SZ,银之杰,信息技术,115.3247214534,0.0468,剔除,-2.033701336432303,0.8581235697940448
451,2017-06-12,002352.SZ,顺丰控股,工业,2163.3800039423,0.107,纳入,-5.206232813932166,-4.88218661639962
452,2017-06-12,601229.SH,上海银行,金融,1475.293365,0.162,纳入,1.0279605263157965,-3.3905065815716062
453,2017-06-12,601881.SH,中国银河,金融,1204.3063403316,0.073,纳入,-0.4191114836546439,-0.16736401673639323
454,2017-06-12,600919.SH,江苏银行,金融,1075.94274,0.113,纳入,-0.3208885624344182,-2.6652452025586415
455,2017-06-12,002558.SZ,巨人网络,信息技术,927.5034056945999,0.108,纳入,8.164469801298434,-4.165214360404335
456,2017-06-12,601992.SH,金隅集团,材料,732.4950997924001,0.207,纳入,0.5865102639296182,-0.8733624454148492
457,2017-06-12,600926.SH,杭州银行,金融,562.856275968,0.057,纳入,-1.2218374263706422,-3.4861200774693457
458,2017-06-12,002555.SZ,三七互娱,信息技术,549.7603855956,0.102,纳入,7.9410560785919015,-0.9996155324875189
459,2017-06-12,600233.SH,圆通速递,工业,538.5727346489,0.064,纳入,-0.5729166666666674,1.750772399588052
460,2017-06-12,603858.SH,步长制药,医疗保健,494.305,0.052,纳入,-0.28881859441616253,-0.17574692442882123
461,2017-06-12,002411.SZ,延安必康,医疗保健,429.03949452,0.128,纳入,6.141015921152393,1.3028169014084545
462,2017-06-12,002508.SZ,老板电器,可选消费,424.597285905,0.198,纳入,5.023474178403764,-4.6460176991150455
463,2017-06-12,600682.SH,南京新百,可选消费,405.39230044830003,0.156,纳入,-0.29794149512459844,1.001895477931214
464,2017-06-12,603160.SH,汇顶科技,信息技术,404.327,0.047,纳入,-1.4426727410781992,1.5391147436577768
465,2017-06-12,002044.SZ,美年健康,医疗保健,389.8587156660001,0.198,纳入,7.333333333333347,2.9467084639498653
466,2017-06-12,601375.SH,中原证券,金融,382.95650671999994,0.078,纳入,-2.5936599605522637,-1.1846001957138697e-06
467,2017-06-12,002602.SZ,世纪华通,信息技术,371.910027684,0.107,纳入,8.057296329453912,3.002832861189808
468,2017-06-12,601997.SH,贵阳银行,金融,362.02822425,0.105,纳入,0.12714558169102386,-2.38916444866919
469,2017-06-12,600977.SH,中国电影,可选消费,357.9039,0.101,纳入,1.267828843106189,-3.0823648307225837
470,2017-06-12,000959.SZ,首钢股份,材料,353.33122528,0.107,纳入,-0.7429420505200679,-4.0875912408758985
471,2017-06-12,600909.SH,华安证券,金融,349.0644,0.105,纳入,0.6263048016701411,0.0
472,2017-06-12,600522.SH,中天科技,信息技术,348.9190528898,0.248,纳入,0.0,-1.6407599309153587
473,2017-06-12,600436.SH,片仔癀,医疗保健,340.27090644,0.177,纳入,4.211984039147332,-2.2913011997919286
474,2017-06-12,601117.SH,中国化学,材料,329.5244,0.132,纳入,3.8880248833592423,0.2962962962962834
475,2017-06-12,002841.SZ,视源股份,信息技术,300.76890000000003,0.032,纳入,2.151569138001941,2.033852033852024
476,2017-06-12,002839.SZ,张家港行,金融,286.673729069,0.03,纳入,6.873315363881405,3.472222222222232
477,2017-06-12,002831.SZ,裕同科技,材料,281.927048,0.032,纳入,1.0755772264448682,-0.12626262626262985
478,2017-06-12,000961.SZ,中南建设,房地产,248.9268282787,0.07,纳入,1.5128593040847127,-0.44910179640716974
479,2017-06-12,601966.SH,玲珑轮胎,可选消费,237.6,0.052,纳入,-1.5904572564612307,0.04955401387514158
480,2017-06-12,601163.SH,三角轮胎,可选消费,207.2,0.061,纳入,-1.5209125475285301,-0.11316484345530453
481,2017-02-14,600005.SH,武钢股份(退市),,374.4792314333,0.1998,剔除,0.0,
482,2017-02-14,600549.SH,厦门钨业,材料,247.0315016,0.11,纳入,4.9632352941176405,4.19455600178491
483,2016-12-12,600011.SH,华能国际,公用事业,1108.107952776,0.3342,剔除,-6.177606177606155,-3.3967391304347783
484,2016-12-12,601898.SH,中煤能源,能源,784.91287328,0.1187,剔除,-4.051863857374382,-3.7828947368421018
485,2016-12-12,601808.SH,中海油服,能源,617.921164,0.0848,剔除,-2.9962546816479363,0.15278838808250317
486,2016-12-12,601991.SH,大唐发电,公用事业,513.7674505108,0.1269,剔除,-3.740648379052358,-2.020202020202011
487,2016-12-12,600027.SH,华电国际,公用事业,501.0392139724,0.1343,剔除,-2.3076923076922995,-1.3618677042801508
488,2016-12-12,000046.SZ,泛海控股,金融,493.11944225440004,0.1725,剔除,-8.397683397683409,-4.742684157416754
489,2016-12-12,600398.SH,海澜之家,可选消费,482.07292524520005,0.1545,剔除,-1.559633027522933,-0.5499541704857891
490,2016-12-12,601992.SH,金隅集团,材料,457.00860453520005,0.1191,剔除,-2.7272727272727337,0.4566210045662267
491,2016-12-12,000898.SZ,鞍钢股份,材料,416.7249319872,0.107,剔除,3.7837837837837895,-8.075601374570452
492,2016-12-12,600600.SH,青岛啤酒,日常消费,401.3769883945,0.0906,剔除,-4.346426271732129,-2.2615535889872196
493,2016-12-12,601106.SH,中国一重,工业,358.2824,0.1701,剔除,-8.514190317195315,-7.167235494880542
494,2016-12-12,600998.SH,九州通,日常消费,321.828638104,0.0703,剔除,-5.466860183841327,0.4506760140210453
495,2016-12-12,300003.SZ,乐普医疗,医疗保健,306.868371744,0.1687,剔除,-6.7796610169491345,-4.5310853530031725
496,2016-12-12,601117.SH,中国化学,材料,305.846,0.1402,剔除,-4.615384615384621,-0.31496062992124596
497,2016-12-12,601098.SH,中南传媒,可选消费,305.6792,0.1388,剔除,-6.380638063806376,-5.53047404063205
498,2016-12-12,000883.SZ,湖北能源,公用事业,301.9456561504,0.1004,剔除,-3.933747412008304,-2.083333333333315
499,2016-12-12,002294.SZ,信立泰,医疗保健,295.9179264,0.0974,剔除,-5.067114093959734,-0.10380622837368181
500,2016-12-12,600098.SH,广州发展,公用事业,287.06849755739995,0.0914,剔除,2.233009708737832,-0.7421150278293154
501,2016-12-12,601179.SH,中国西电,工业,286.0242352416,0.1308,剔除,-4.452054794520544,-0.3502626970227629
502,2016-12-12,600642.SH,申能股份,公用事业,267.6598529808,0.1454,剔除,-3.4482758620689724,-2.1594684385382146
503,2016-12-12,000999.SZ,华润三九,医疗保健,245.60601,0.1097,剔除,-5.9947545897339864,-5.723006486074023
504,2016-12-12,000825.SZ,太钢不锈,材料,235.8246587544,0.1009,剔除,-0.48076923076925127,-1.1961722488038173
505,2016-12-12,002422.SZ,科伦药业,医疗保健,234.0,0.1575,剔除,-5.960648148148162,-3.370786516853941
506,2016-12-12,600317.SH,营口港(退市),工业,220.72872040229998,0.0743,剔除,-4.213483146067409,-1.424501424501412
507,2016-12-12,002399.SZ,海普瑞,医疗保健,220.00638058560003,0.0723,剔除,-3.3424657534246505,-0.6128133704735528
508,2016-12-12,600022.SH,山东钢铁,材料,217.2469077498,0.0466,剔除,-1.526717557251911,-3.018867924528301
509,2016-12-12,000729.SZ,燕京啤酒,日常消费,197.8614617382,0.1114,剔除,-5.898123324396787,-5.585831062670299
510,2016-12-12,601016.SH,节能风电,公用事业,196.765766,0.0216,剔除,-6.791338582677165,-4.637096774193528
511,2016-12-12,600578.SH,京能电力,公用事业,195.31267635420002,0.0645,剔除,-4.729729729729748,-3.424657534246578
512,2016-12-12,600863.SH,内蒙华电,公用事业,182.9439675,0.0997,剔除,-4.255319148936176,-1.8575851393188847
513,2016-12-12,002797.SZ,第一创业,金融,754.3294,0.091,纳入,-8.956406869220611,-7.874434690077148
514,2016-12-12,000938.SZ,紫光股份,信息技术,605.6823674382,0.091,纳入,-5.9708737864077595,-5.944625407166127
515,2016-12-12,600482.SH,中国动力,工业,565.5848715744,0.115,纳入,1.5615240474703196,-7.889252753795784
516,2016-12-12,300072.SZ,三聚环保,工业,538.455310575,0.298,纳入,-5.246589716684147,0.042185192997257204
517,2016-12-12,600297.SH,广汇汽车,可选消费,458.7334165452,0.153,纳入,-3.0232558139534738,-3.797468354430389
518,2016-12-12,601611.SH,中国核建,工业,422.8875,0.098,纳入,-12.493210211841399,-5.449275362318851
519,2016-12-12,002310.SZ,东方园林,工业,386.6108426264,0.165,纳入,1.4044943820224587,-7.617728531855961
520,2016-12-12,300033.SZ,同花顺,金融,367.4496,0.161,纳入,-12.696385234385,-2.867627072574086
521,2016-12-12,002466.SZ,天齐锂业,材料,357.991992,0.21,纳入,-5.288082083662182,-8.0501829587036
522,2016-12-12,002085.SZ,万丰奥威,可选消费,357.0081074988,0.196,纳入,-2.1967049425861362,-4.977821586988651
523,2016-12-12,000627.SZ,天茂集团,金融,335.62453180079996,0.106,纳入,-2.595797280593326,-3.5194174757281482
524,2016-12-12,002426.SZ,胜利精密,信息技术,323.3104940205,0.154,纳入,-0.31645569620255554,-12.02854230377165
525,2016-12-12,000983.SZ,山西焦煤,能源,291.80112,0.145,纳入,-6.747230614300104,-5.578093306288023
526,2016-12-12,601877.SH,正泰电器,工业,290.2781222,0.086,纳入,1.757631822386685,-5.618466898954688
527,2016-12-12,300182.SZ,捷成股份,信息技术,285.97138482959997,0.115,纳入,-0.7117437722419906,-5.498281786941583
528,2016-12-12,000718.SZ,苏宁环球,房地产,284.6488928192,0.114,纳入,1.0775862068965747,-5.12562814070352
529,2016-12-12,600754.SH,锦江酒店,可选消费,279.334265904,0.051,纳入,-3.3476963871395538,-2.892427689307775
530,2016-12-12,002074.SZ,国轩高科,工业,270.879785,0.148,纳入,-3.6771579931442866,-4.4286156704862245
531,2016-12-12,601155.SH,新城控股,房地产,270.1745086456,0.115,纳入,-1.6447368421052544,4.930156121610496
532,2016-12-12,002131.SZ,利欧股份,可选消费,265.10525778000004,0.111,纳入,-2.941176470588247,-5.21382542472174
533,2016-12-12,600498.SH,烽火通信,信息技术,263.0330236524,0.143,纳入,-3.5673187571921727,-1.4570552147239346
534,2016-12-12,000008.SZ,神州高铁,工业,256.19119201909996,0.084,纳入,-7.3778664007976165,-5.71715145436309
535,2016-12-12,002714.SZ,牧原股份,日常消费,254.5083188716,0.105,纳入,-0.5252525252525286,-1.9115890083632014
536,2016-12-12,601127.SH,小康股份,可选消费,250.0785,0.052,纳入,0.0,0.0
537,2016-12-12,000671.SZ,阳光城,房地产,240.97936224249997,0.098,纳入,-4.952076677316297,-3.9024390243902474
538,2016-12-12,002299.SZ,圣农发展,日常消费,238.8435,0.102,纳入,-7.247627264883516,-5.795206971677547
539,2016-12-12,002174.SZ,游族网络,信息技术,225.320015772,0.099,纳入,-7.822410147991543,-6.548933038999271
540,2016-12-12,600654.SH,ST中安,信息技术,224.14376730239997,0.146,纳入,-6.8763326226013,-9.266007287870902
541,2016-12-12,000555.SZ,神州信息,信息技术,205.58986918399998,0.064,纳入,-11.005164878824003,-7.0850202429149745
542,2016-12-12,002049.SZ,紫光国微,信息技术,194.18174976,0.13,纳入,-5.7437407952872,-7.628622117090478
543,2016-06-13,601238.SH,广汽集团,可选消费,1421.4959394273,0.1569,剔除,-6.989473684210534,-1.790393013100433
544,2016-06-13,603288.SH,海天味业,日常消费,795.3656994,0.0976,剔除,-2.1963394342761955,-1.8102581293999442
545,2016-06-13,601158.SH,重庆水务,公用事业,300.96,0.047,剔除,-5.429833063040435,-1.6975308641975273
546,2016-06-13,600549.SH,厦门钨业,材料,293.7554984,0.1512,剔除,-6.216183132242536,1.5769626328419495
547,2016-06-13,000539.SZ,粤电力A,公用事业,267.764483286,0.0563,剔除,-3.2258064516128893,-3.0303030303030165
548,2016-06-13,600350.SH,山东高速,工业,251.6239743211,0.043,剔除,-2.9684601113172393,-2.2346368715083775
549,2016-06-13,601231.SH,环旭电子,信息技术,218.897912148,0.0414,剔除,-13.047119094712345,-4.1292639138240546
550,2016-06-13,000983.SZ,山西焦煤,能源,217.4328,0.1419,剔除,-9.44881889763779,-1.2195121951219634
551,2016-06-13,000629.SZ,攀钢钒钛,材料,205.2949342278,0.1226,剔除,0.0,0.0
552,2016-06-13,601969.SH,海南矿业,材料,199.547023,0.0272,剔除,-3.866906474820153,2.906448683015439
553,2016-06-13,002038.SZ,双鹭药业,医疗保健,198.89496,0.1436,剔除,-0.37735849056602655,-1.1258955987717423
554,2016-06-13,000581.SZ,威孚高科,可选消费,192.70955887,0.1052,剔除,3.2432432432432545,1.1282051282051286
555,2016-06-13,002353.SZ,杰瑞股份,能源,188.50566562560002,0.1107,剔除,1.4956162970603426,-4.119850187265928
556,2016-06-13,601699.SH,潞安环能,能源,180.9802566,0.0932,剔除,-7.208588957055206,-2.8301886792453046
557,2016-06-13,600315.SH,上海家化,日常消费,180.03397684810002,0.1785,剔除,-3.5740072202166018,-0.36496350364964014
558,2016-06-13,000937.SZ,冀中能源,能源,178.444115925,0.0672,剔除,-5.430711610486904,-3.2258064516128893
559,2016-06-13,600166.SH,福田汽车,可选消费,177.09198574949997,0.1088,剔除,-4.667863554757634,2.1897810218977964
560,2016-06-13,600633.SH,浙数文化,可选消费,169.92512537,0.11,剔除,-7.801418439716312,-6.681658860673312
561,2016-06-13,000598.SZ,兴蓉环境,公用事业,153.4916361428,0.1145,剔除,-4.283054003724407,-2.443609022556381
562,2016-06-13,002375.SZ,亚厦股份,工业,145.1829050128,0.0919,剔除,-6.792777300086006,-1.1494252873563315
563,2016-06-13,600717.SH,天津港,工业,144.197621232,0.0894,剔除,-3.798882681564242,0.9049773755656076
564,2016-06-13,000400.SZ,许继电气,工业,142.7791469544,0.1051,剔除,-2.8806584362139787,3.242885506287241
565,2016-06-13,002410.SZ,广联达,信息技术,137.1218375275,0.106,剔除,-5.93657285048611,-4.144282425172674
566,2016-06-13,000831.SZ,五矿稀土,材料,135.4607682761,0.1323,剔除,-13.579474342928666,-3.8514442916093405
567,2016-06-13,600606.SH,绿地控股,房地产,1390.8200462055,0.046,纳入,-0.4355400696864242,-4.851063829787239
568,2016-06-13,002027.SZ,分众传媒,可选消费,1307.90397495,0.118,纳入,0.6048387096774244,-7.968503937007876
569,2016-06-13,600061.SH,国投资本,金融,606.2102961033,0.232,纳入,-4.979733642154017,1.5706806282722363
570,2016-06-13,600871.SH,石化油服,能源,540.249650009,0.081,纳入,-4.738154613466339,-4.260651629072676
571,2016-06-13,600685.SH,中船防务,工业,343.7647511296,0.073,纳入,-4.364923318914671,-4.459352801894234
572,2016-06-13,600074.SH,退市保千(退市),信息技术,342.18072,0.161,纳入,5.024769992922851,-0.06561679790025865
573,2016-06-13,002152.SZ,广电运通,信息技术,277.21682408,0.156,纳入,4.581551618814905,0.0
574,2016-06-13,600816.SH,ST安信,金融,276.8107690992,0.175,纳入,-5.953096812988557,-0.723327305605781
575,2016-06-13,002183.SZ,怡亚通,工业,268.676022272,0.212,纳入,-6.020558002936848,-0.07199424046075986
576,2016-06-13,000839.SZ,中信国安,可选消费,265.6074336454,0.274,纳入,-9.941520467836252,-6.163655685441027
577,2016-06-13,300168.SZ,万达信息,信息技术,265.23102464640004,0.218,纳入,4.89680291380008,-4.862638125491259e-06
578,2016-06-13,600446.SH,金证股份,信息技术,261.44147445,0.211,纳入,-6.843201428146384,-4.152249134948082
579,2016-06-13,600704.SH,物产中大,工业,257.51752291099996,0.126,纳入,-5.048859934853422,-0.4019292604501512
580,2016-06-13,600666.SH,ST瑞德,工业,248.61027148999997,0.094,纳入,-1.3694461351186904,-0.8340523439747005
581,2016-06-13,600376.SH,首开股份,房地产,234.51450750000004,0.146,纳入,-1.413760603204517,3.317972350230436
582,2016-06-13,002424.SZ,贵州百灵,医疗保健,226.07424,0.085,纳入,-3.0266343825665953,-3.5882352941176365
583,2016-06-13,600737.SH,中粮糖业,日常消费,217.08849719900002,0.139,纳入,-1.21381886087768,6.896551724137923
584,2016-06-13,000977.SZ,浪潮信息,信息技术,215.0456400528,0.165,纳入,-9.23660902572755,-5.914893617021266
585,2016-06-13,600098.SH,广州发展,公用事业,212.9159511798,0.075,纳入,-4.406364749082014,-2.3284313725490224
586,2016-06-13,600037.SH,歌华有线,可选消费,205.28723789,0.124,纳入,-2.511566424322542,-3.2509752925877877
587,2016-06-13,600022.SH,山东钢铁,材料,198.7219776316,0.047,纳入,-3.673469387755113,-1.2345679012345845
588,2016-06-13,300085.SZ,银之杰,信息技术,188.86369597470002,0.096,纳入,-14.165890027958994,-9.674267100977186
589,2016-06-13,002568.SZ,百润股份,日常消费,188.16,0.046,纳入,-9.287257019438455,-6.211180124223603
590,2016-06-13,600582.SH,天地科技,工业,185.4087823616,0.087,纳入,-5.285412262156441,-4.468085106382979
591,2015-12-30,000024.SZ,招商地产(退市),房地产,1043.26005537,0.4,剔除,0.0,
592,2015-12-30,001979.SZ,招商蛇口,房地产,1715.7366834481998,0.471,纳入,,-15.832614322691974
593,2015-12-14,000839.SZ,中信国安,可选消费,366.42536743169995,0.24,剔除,0.0,0.0
594,2015-12-14,002310.SZ,东方园林,工业,257.12067529029997,0.21,剔除,-26.051639106469395,4.038461538461546
595,2015-12-14,002653.SZ,海思科,医疗保健,231.717915,0.05,剔除,-6.33187772925764,5.547652916073975
596,2015-12-14,600516.SH,方大炭素,材料,222.4593529132,0.15,剔除,-4.9926578560939845,4.14012738853502
597,2015-12-14,601929.SH,吉视传媒,可选消费,196.2915552152,0.13,剔除,-3.0721966205837226,2.7375201288244666
598,2015-12-14,000960.SZ,锡业股份,材料,195.04729651,0.1,剔除,3.677621283255106,13.639968279143556
599,2015-12-14,000878.SZ,云南铜业,材料,190.64727848,0.09,剔除,18.79964695498677,20.66993464052289
600,2015-12-14,600277.SH,亿利洁能,材料,189.7347266,0.11,剔除,-2.3655913978494647,4.295154185022021
601,2015-12-14,002344.SZ,海宁皮城,房地产,189.728,0.1,剔除,-9.84566258648215,-4.9425287356321785
602,2015-12-14,600597.SH,光明乳业,日常消费,188.04129371919998,0.1,剔除,-2.488832163369492,4.626569729015206
603,2015-12-14,600497.SH,驰宏锌锗,材料,185.26601487899998,0.11,剔除,5.308056872037903,8.10546875
604,2015-12-14,002051.SZ,中工国际,工业,184.7696638826,0.1,剔除,2.974137931034493,8.888888888888879
605,2015-12-14,601168.SH,西部矿业,材料,177.2952,0.15,剔除,3.1900138696255187,7.464788732394356
606,2015-12-14,002001.SZ,新和成,医疗保健,174.8803914,0.09,剔除,-3.4275405892964517,4.417413572343154
607,2015-12-14,600316.SH,洪都航空,工业,164.577780504,0.11,剔除,-3.974895397489542,4.425569959767528
608,2015-12-14,600348.SH,华阳股份,能源,160.4135,0.09,剔除,0.15015015015016342,3.2710280373831724
609,2015-12-14,000970.SZ,中科三环,材料,154.66704,0.13,剔除,-0.8196721311475419,2.1483021483021503
610,2015-12-14,002570.SZ,贝因美,日常消费,146.015856,0.08,剔除,-3.186440677966096,9.85507246376811
611,2015-12-14,600809.SH,山西汾酒,日常消费,145.895432821,0.05,剔除,-2.1486643437862885,9.981851179673317
612,2015-12-14,600108.SH,亚盛集团,日常消费,143.4876444177,0.12,剔除,-6.11464968152865,5.270457697642161
613,2015-12-14,601211.SH,国泰君安,金融,2000.0375,0.371,纳入,12.865748709122204,3.98520953163517
614,2015-12-14,601985.SH,中国核电,公用事业,1517.629425,0.453,纳入,-0.10245901639344135,5.396825396825422
615,2015-12-14,601238.SH,广汽集团,可选消费,1413.7739153109003,0.126,纳入,-0.5432322317790783,6.8343616516373995
616,2015-12-14,002739.SZ,万达电影,可选消费,1198.288,0.15,纳入,-4.225226031689189,27.98039215686272
617,2015-12-14,601198.SH,东兴证券,金融,757.7104,0.153,纳入,19.086973632428172,16.575790621592134
618,2015-12-14,600959.SH,江苏有线,可选消费,636.465266985,0.125,纳入,-0.3741814780168218,4.887398179204605
619,2015-12-14,601718.SH,际华集团,可选消费,470.1683,0.18,纳入,0.0,7.374890254609312
620,2015-12-14,000540.SZ,中天金融,房地产,462.862072965,0.16,纳入,3.5645472061657024,-4.065040650406515
621,2015-12-14,600895.SH,张江高科,房地产,439.0534874249999,0.227,纳入,-4.481132075471683,4.5373980857851715
622,2015-12-14,300144.SZ,宋城演艺,可选消费,414.25331467949997,0.165,纳入,-5.515665796344649,10.03794411866159
623,2015-12-14,601872.SH,招商轮船,工业,394.2796835328,0.153,纳入,3.0470914127423976,0.4109589041095818
624,2015-12-14,603885.SH,吉祥航空,工业,391.352,0.047,纳入,-0.4910456383593109,5.566134466090511
625,2015-12-14,300315.SZ,掌趣科技,信息技术,353.8548220032,0.227,纳入,2.1367521367521514,5.096913137114156
626,2015-12-14,600820.SH,隧道股份,工业,345.22175112120004,0.17,纳入,0.0,3.4058656575212787
627,2015-12-14,600021.SH,上海电力,公用事业,329.0918977266,0.128,纳入,-0.5174644243208237,3.8461538461538547
628,2015-12-14,002195.SZ,二三四五,信息技术,324.633264928,0.098,纳入,4.901408450704237,1.154163231657046
629,2015-12-14,600350.SH,山东高速,工业,315.6124802192,0.049,纳入,0.3058103975535076,5.205047318611999
630,2015-12-14,000415.SZ,渤海租赁,金融,311.5676903856,0.163,纳入,-4.252998909487459,2.2144522144522005
631,2015-12-14,601608.SH,中信重工,工业,298.797,0.086,纳入,-4.718217562254267,2.970297029702973
632,2015-12-14,601016.SH,节能风电,公用事业,283.200354,0.031,纳入,-3.862401931200954,4.710375556970048
633,2015-06-15,600058.SH,五矿发展,工业,435.3029397371,0.1,剔除,20.7193816884661,-12.620375063355304
634,2015-06-15,600143.SH,金发科技,材料,402.176,0.19,剔除,-2.7846534653465316,-14.395023611550073
635,2015-06-15,000869.SZ,张裕A,日常消费,390.5773872,0.06,剔除,3.112558812884547,-13.134851138353765
636,2015-06-15,600498.SH,烽火通信,信息技术,379.883100205,0.14,剔除,-2.5367156208277786,-18.667358050298155
637,2015-06-15,600655.SH,豫园股份,可选消费,334.7522882104,0.17,剔除,2.6443367122080286,-18.81065958656343
638,2015-06-15,002603.SZ,以岭药业,医疗保健,325.526742,0.1,剔除,2.374202693125449,-19.682434667548787
639,2015-06-15,600079.SH,人福医药,医疗保健,323.24843173370004,0.18,剔除,-3.177966101694918,-18.865384615384606
640,2015-06-15,600664.SH,哈药股份,医疗保健,321.3701992364,0.1,剔除,23.59882005899705,-7.835581245985878
641,2015-06-15,600436.SH,片仔癀,医疗保健,313.2020740251,0.14,剔除,-6.854066985645934,-18.58019281332165
642,2015-06-15,002400.SZ,省广集团,可选消费,288.69580832930006,0.18,剔除,-3.4785238959467724,-15.04424778761062
643,2015-06-15,000401.SZ,冀东水泥,材料,268.29181217739995,0.07,剔除,5.010548523206748,-16.632124352331612
644,2015-06-15,600395.SH,盘江股份,能源,260.0086473631,0.05,剔除,0.0,0.0
645,2015-06-15,600267.SH,海正药业,医疗保健,258.3763209192,0.1,剔除,2.9626779530588676,-17.618483112099447
646,2015-06-15,600880.SH,博瑞传播,可选消费,251.35704795079997,0.09,剔除,15.469613259668513,-21.474496356622364
647,2015-06-15,603699.SH,纽威股份,工业,247.87499999999997,0.02,剔除,3.9635105379049795,-19.023367285799885
648,2015-06-15,002429.SZ,兆驰股份,可选消费,226.17243157079997,0.08,剔除,-5.8571720140676575e-06,9.985835694051005
649,2015-06-15,002416.SZ,爱施德,信息技术,207.50299622130004,0.04,剔除,0.0,0.0
650,2015-06-15,000536.SZ,华映科技,信息技术,199.37242852740002,0.06,剔除,5.39538714991763,-18.57366771159874
651,2015-06-15,002736.SZ,国信证券,金融,2624.0,0.266,纳入,-5.07267873034708,-13.731060606060607
652,2015-06-15,600958.SH,东方证券,金融,2066.7460049873002,0.261,纳入,-4.491091042226014,-16.394696583375822
653,2015-06-15,601919.SH,中远海控,工业,1506.9004676575,0.329,纳入,-1.2056262558606812,-13.226032190342885
654,2015-06-15,300059.SZ,东方财富,金融,1260.427392,0.645,纳入,-14.791070406410977,-9.310761789600974
655,2015-06-15,300104.SZ,乐视退(退市),信息技术,1224.1838982870001,0.413,纳入,-7.1318264776077385,-23.020979020979027
656,2015-06-15,601788.SH,光大证券,金融,1195.9582,0.318,纳入,-3.9791437980241318,-14.354201917653697
657,2015-06-15,601991.SH,大唐发电,公用事业,1171.283306864,0.206,纳入,-2.9768467475193017,-15.494505494505484
658,2015-06-15,601106.SH,中国一重,工业,1150.688,0.273,纳入,-7.708442579968533,-21.95383789586688
659,2015-06-15,000046.SZ,泛海控股,金融,935.1603747936,0.173,纳入,-3.3898305084745783,-7.990074441687344
660,2015-06-15,600005.SH,武钢股份(退市),,733.8177931321,0.245,纳入,3.120567375886507,-9.184070701370183
661,2015-06-15,000539.SZ,粤电力A,公用事业,635.7218859714999,0.092,纳入,0.0,0.0
662,2015-06-15,601099.SH,太平洋,金融,551.8119961638,0.275,纳入,-7.624113475177308,-14.61586508432231
663,2015-06-15,601021.SH,春秋航空,工业,518.92,0.131,纳入,-6.794070501326854,-11.545886545886553
664,2015-06-15,300002.SZ,神州泰岳,信息技术,507.1459607745,0.157,纳入,8.1779661016949,-25.742942050520078
665,2015-06-15,601969.SH,海南矿业,材料,503.254232,0.032,纳入,-2.6011560693641633,-23.201438848920862
666,2015-06-15,600317.SH,营口港(退市),工业,494.5359014292,0.106,纳入,3.2432432432432323,-9.36675461741424
667,2015-06-15,000712.SZ,锦龙股份,金融,383.2192,0.136,纳入,-14.064697609001408,-18.27586206896552
668,2015-06-15,600717.SH,天津港,工业,343.99757724799997,0.108,纳入,0.4892367906066397,-13.764426489714253
669,2015-05-21,600832.SH,东方明珠(退市),,,0.32,剔除,0.0,
670,2015-05-21,601299.SH,中国北车(退市),,,1.15,剔除,0.0,
671,2015-05-21,000738.SZ,航发控制,工业,394.9029177003,0.16,纳入,9.151361621279275,27.74271115118725
672,2015-05-21,300003.SZ,乐普医疗,医疗保健,384.076,0.19,纳入,20.17276422764227,12.325581395348827
673,2015-01-26,000562.SZ,宏源证券(退市),,1211.58454126,0.58,剔除,0.0,
674,2015-01-26,000166.SZ,申万宏源,金融,2919.3503879805,0.91,纳入,,-14.249363867684462
675,2014-12-15,601991.SH,大唐发电,公用事业,693.4529578138,0.21,剔除,-2.0676691729323404,17.077798861480087
676,2014-12-15,601238.SH,广汽集团,可选消费,564.9947645166001,0.11,剔除,0.34285714285713365,-0.3397508493771184
677,2014-12-15,000012.SZ,南玻A,材料,185.74253262,0.17,剔除,2.6376146788990695,-3.0133928571428714
678,2014-12-15,600895.SH,张江高科,房地产,183.36484271999996,0.13,剔除,2.0689655172413834,11.915269196822598
679,2014-12-15,601139.SH,深圳燃气,公用事业,173.4880105116,0.05,剔除,6.310679611650483,1.1723329425556983
680,2014-12-15,000656.SZ,金科股份,房地产,168.2200154052,0.1,剔除,6.140350877192979,11.12759643916914
681,2014-12-15,600376.SH,首开股份,房地产,163.44271125,0.12,剔除,-4.8302872062663145,6.089309878213811
682,2014-12-15,600219.SH,南山铝业,材料,163.0508460291,0.14,剔除,-1.86263096623982,3.5005834305717576
683,2014-12-15,600403.SH,ST大有,能源,150.1430188456,0.05,剔除,-10.668563300142242,-1.8927444794952675
684,2014-12-15,601918.SH,新集能源,能源,144.29317826,0.09,剔除,-2.108963093145877,-2.076124567474058
685,2014-12-15,000758.SZ,中色股份,材料,133.8192639108,0.11,剔除,-3.548616039744501,4.247660187185032
686,2014-12-15,000718.SZ,苏宁环球,房地产,133.4204742333,0.07,剔除,13.56521739130434,0.3053435114503955
687,2014-12-15,600259.SH,广晟有色,材料,132.8437569928,0.1,剔除,-5.058074185088057,1.5811801002699521
688,2014-12-15,601666.SH,平煤股份,能源,131.7530059956,0.1,剔除,-2.617801047120427,2.645502645502651
689,2014-12-15,000961.SZ,中南建设,房地产,130.91477723460002,0.06,剔除,-6.192468619246839,5.645851154833181
690,2014-12-15,002269.SZ,美邦服饰,可选消费,128.9025,0.06,剔除,9.160958904109595,-3.48742903487429
691,2014-12-15,600062.SH,华润双鹤,医疗保健,128.74592748959998,0.11,剔除,5.23364485981308,-4.785553047404056
692,2014-12-15,600123.SH,兰花科创,能源,110.92704000000002,0.1,剔除,-5.083088954056702,5.338809034907577
693,2014-12-15,600096.SH,云天化,材料,110.649660268,0.07,剔除,0.0,15.408163265306118
694,2014-12-15,600546.SH,山煤国际,能源,110.02631577,0.08,剔除,-5.932203389830526,3.935599284436475
695,2014-12-15,600216.SH,浙江医药,医疗保健,107.9332524,0.11,剔除,4.155374887082197,-2.48667850799289
696,2014-12-15,002106.SZ,莱宝高科,信息技术,102.48450643199999,0.1,剔除,1.0438413361169019,-5.424200278164126
697,2014-12-15,600485.SH,*ST信威(退市),信息技术,1401.0575411344,0.07,纳入,8.04960541149946,15.57139674760526
698,2014-12-15,601727.SH,上海电气,工业,968.18381283,0.19,纳入,0.13262599469494596,12.049861495844883
699,2014-12-15,603288.SH,海天味业,日常消费,636.0753,0.07,纳入,5.775454319143658,-3.691275167785235
700,2014-12-15,600398.SH,海澜之家,可选消费,477.5801673212,0.11,纳入,1.7224880382775254,-3.520456707897235
701,2014-12-15,000898.SZ,鞍钢股份,材料,416.7249319872,0.13,纳入,7.663551401869162,6.598984771573613
702,2014-12-15,300070.SZ,碧水源,工业,407.30639660549997,0.22,纳入,14.09295352323836,-2.554648406636828
703,2014-12-15,600570.SH,恒生电子,信息技术,398.4843411,0.32,纳入,9.284988139613692,3.8543546006232443
704,2014-12-15,300027.SZ,华谊兄弟,可选消费,370.79790391840004,0.27,纳入,2.392344497607657,-8.795220710255547
705,2014-12-15,000559.SZ,万向钱潮,可选消费,311.45116331519995,0.13,纳入,15.69602272727273,-12.063686466625823
706,2014-12-15,000825.SZ,太钢不锈,材料,309.3062553228,0.14,纳入,20.93541202672604,4.460966542750944
707,2014-12-15,002153.SZ,石基信息,信息技术,275.33318399999996,0.1,纳入,15.525291828793787,-0.32110658268494907
708,2014-12-15,300024.SZ,机器人,工业,266.1318528,0.25,纳入,6.415291961246394,2.8155100024697566
709,2014-12-15,300251.SZ,光线传媒,可选消费,250.9480512,0.11,纳入,14.563106796116521,-6.610576923076927
710,2014-12-15,600578.SH,京能电力,公用事业,249.7970636114,0.1,纳入,4.238921001926799,18.063314711359403
711,2014-12-15,300058.SZ,蓝色光标,可选消费,246.79112049,0.15,纳入,8.619957537154988,-5.608974358974372
712,2014-12-15,300124.SZ,汇川技术,工业,244.86680018419997,0.16,纳入,11.82142857142856,-0.6211180124223725
713,2014-12-15,600038.SH,中直股份,工业,241.7444012316,0.08,纳入,-10.595160235447999,-0.768087215064428
714,2014-12-15,300133.SZ,华策影视,可选消费,196.5125190084,0.08,纳入,6.372549019607843,-6.899966985803907
715,2014-12-15,300015.SZ,爱尔眼科,医疗保健,194.6004240338,0.09,纳入,17.754052985369718,-2.3239917976760283
716,2014-12-15,300146.SZ,汤臣倍健,日常消费,193.915824018,0.08,纳入,3.585237258347962,-4.452173913043489
717,2014-12-15,600373.SH,中文传媒,可选消费,178.2079317045,0.08,纳入,4.811715481171541,-4.659014179608379
718,2014-12-15,300017.SZ,网宿科技,信息技术,151.82072699199998,0.13,纳入,7.819113388282473,-8.153078202995022
719,2014-06-16,000046.SZ,泛海控股,金融,194.1414813168,0.13,剔除,-1.8433179723502446,-3.2786885245901676
720,2014-06-16,601099.SH,太平洋,金融,146.1613348764,0.15,剔除,2.306425041186144,-3.5598705501618144
721,2014-06-16,601106.SH,中国一重,工业,125.5296,0.1,剔除,3.225806451612878,0.0
722,2014-06-16,600598.SH,北大荒,日常消费,118.0379459576,0.1,剔除,-0.15037593984963404,1.2084592145015227
723,2014-06-16,600582.SH,天地科技,工业,109.73836799999998,0.09,剔除,2.6106696935300544,-13.015184381778756
724,2014-06-16,002069.SZ,獐子岛,日常消费,101.333487645,0.08,剔除,0.0,0.0
725,2014-06-16,601001.SH,晋控煤业,能源,99.91989,0.08,剔除,0.8445945945945832,-8.571428571428562
726,2014-06-16,002299.SZ,圣农发展,日常消费,98.65047,0.1,剔除,5.8651026392961825,5.763688760806929
727,2014-06-16,601369.SH,陕鼓动力,工业,96.8513207703,0.08,剔除,0.339558573853993,-4.999999999999993
728,2014-06-16,600160.SH,巨化股份,材料,93.4432630716,0.1,剔除,1.976284584980248,-4.890589738892115
729,2014-06-16,000596.SZ,古井贡酒,日常消费,91.45376,0.04,剔除,2.773061686474243,-4.890109890109883
730,2014-06-16,600811.SH,东方集团,日常消费,87.84064320979999,0.15,剔除,2.729044834307981,-4.023227696249954
731,2014-06-16,000703.SZ,恒逸石化,材料,82.9429503094,0.04,剔除,2.1306818181818343,-11.911357340720219
732,2014-06-16,600694.SH,大商股份,可选消费,80.9488607668,0.16,剔除,4.117869285984144,-4.0208748650361725
733,2014-06-16,601717.SH,郑煤机,工业,80.5697634,0.09,剔除,1.8442622950819665,-5.241935483870974
734,2014-06-16,002431.SZ,棕榈股份,工业,79.58016,0.07,剔除,0.994152046783614,-0.28835063437140374
735,2014-06-16,600859.SH,王府井,可选消费,76.4492881376,0.08,剔除,1.2875536480686733,-5.39721043056397
736,2014-06-16,600266.SH,城建发展,房地产,75.75984,0.08,剔除,-0.5602240896358524,-3.3898305084745783
737,2014-06-16,600970.SH,中材国际,工业,74.89086231,0.06,剔除,-0.1457725947521915,-2.631578947368418
738,2014-06-16,002155.SZ,湖南黄金,材料,72.8271908,0.11,剔除,1.9525801952580135,0.41471433180777506
739,2014-06-16,000933.SZ,神火股份,材料,69.5583,0.09,剔除,3.084620655010939,-8.847180940924282
740,2014-06-16,600528.SH,中铁工业,工业,68.43648,0.07,剔除,3.3039647577092435,-1.7107655477824668
741,2014-06-16,000528.SZ,柳工,工业,66.72685866479999,0.1,剔除,1.7845959983333604,-3.872053872053882
742,2014-06-16,601101.SH,昊华能源,能源,66.23990461439999,0.06,剔除,2.7932960893854553,1.8181818181818077
743,2014-06-16,600997.SH,开滦股份,能源,54.447624,0.06,剔除,1.1467889908256979,-2.938095172595201
744,2014-06-16,600971.SH,恒源煤电,能源,54.00021978000001,0.06,剔除,1.5037593984962294,-3.165735567970207
745,2014-06-16,600023.SH,浙能电力,公用事业,580.0160569385,0.07,纳入,3.577235772357712,-3.2994412698412745
746,2014-06-16,601225.SH,陕西煤业,能源,413.0,0.04,纳入,1.7241379310344973,-1.4598540145985495
747,2014-06-16,002252.SZ,上海莱士,医疗保健,385.65679705199994,0.15,纳入,0.0,0.0
748,2014-06-16,002475.SZ,立讯精密,信息技术,242.4306654,0.2,纳入,1.3132607303011135,-2.312499999999995
749,2014-06-16,600998.SH,九州通,日常消费,225.8292137502,0.09,纳入,4.389880952380953,-3.77580095877027
750,2014-06-16,000413.SZ,东旭光电,信息技术,223.7634,0.11,纳入,3.50877192982455,-7.62711864406781
751,2014-06-16,002292.SZ,奥飞娱乐,可选消费,214.703358442,0.14,纳入,3.9251207729468884,-3.5964912280701866
752,2014-06-16,000917.SZ,电广传媒,可选消费,213.4839845028,0.22,纳入,4.9477351916376255,-4.026845637583887
753,2014-06-16,002410.SZ,广联达,信息技术,199.419783525,0.2,纳入,9.50413223140496,-3.027919779787658
754,2014-06-16,601179.SH,中国西电,工业,187.6072940832,0.15,纳入,3.682719546742219,-2.254055421276091
755,2014-06-16,002008.SZ,大族激光,信息技术,179.5403159424,0.29,纳入,-0.11743981209629828,-4.703832752613235
756,2014-06-16,000503.SZ,国新健康,信息技术,177.78703195120002,0.28,纳入,4.435058078141507,-4.974874371859284
757,2014-06-16,601929.SH,吉视传媒,可选消费,174.09154395939998,0.2,纳入,-0.08424599831506896,-4.121110176619014
758,2014-06-16,600633.SH,浙数文化,可选消费,171.351070478,0.06,纳入,4.190751445086716,-9.128630705394192
759,2014-06-16,002465.SZ,海格通信,信息技术,153.717759573,0.22,纳入,7.386759581881552,-1.6053511705685475
760,2014-06-16,000027.SZ,深圳能源,公用事业,148.5362851676,0.09,纳入,1.0791366906474975,-3.214285714285714
761,2014-06-16,601216.SH,君正集团,材料,143.232,0.08,纳入,2.1917808219178214,-8.221626452189469
762,2014-06-16,002416.SZ,爱施德,信息技术,142.57157,0.06,纳入,5.081001472754054,-2.771855010660984
763,2014-06-16,603699.SH,纽威股份,工业,141.675,0.06,纳入,5.061179087875423,9.035812672176302
764,2014-06-16,002400.SZ,省广集团,可选消费,139.3003570662,0.23,纳入,3.346203346203347,-7.813765182186216
765,2014-06-16,600277.SH,亿利洁能,材料,139.1666607,0.05,纳入,-0.7451564828613977,-4.041916167664661
766,2014-06-16,000883.SZ,湖北能源,公用事业,139.067491628,0.11,纳入,4.0000000000000036,7.341269841269837
767,2014-06-16,600880.SH,博瑞传播,可选消费,137.1038443368,0.16,纳入,-0.31796502384738856,-6.596091205211718
768,2014-06-16,002470.SZ,ST金正,材料,134.19000000000003,0.08,纳入,1.1543455644526635,-3.8219895287958106
769,2014-06-16,600867.SH,通化东宝,医疗保健,127.7676858416,0.19,纳入,2.2131147540983775,0.8071025020177647
770,2014-06-16,002429.SZ,兆驰股份,可选消费,123.03784005119999,0.1,纳入,2.44633169780899,-4.3024771838331315
771,2013-12-16,601788.SH,光大证券,金融,292.5808,0.24,剔除,-7.057546145494021,-3.078677309007971
772,2013-12-16,600005.SH,武钢股份(退市),,226.10066803520002,0.19,剔除,-6.2761506276150625,-3.50877192982455
773,2013-12-16,000539.SZ,粤电力A,公用事业,213.07402509850002,0.07,剔除,-3.5643564356435564,-4.6653144016227
774,2013-12-16,000883.SZ,湖北能源,公用事业,181.59005156810002,0.02,剔除,16.267123287671236,0.9104704097116834
775,2013-12-16,000027.SZ,深圳能源,公用事业,146.686189089,0.09,剔除,-4.475043029259906,-4.78723404255319
776,2013-12-16,002128.SZ,电投能源,材料,112.104981027,0.07,剔除,-5.69196428571429,-4.829210836277975
777,2013-12-16,600132.SH,重庆啤酒,日常消费,79.03249663339999,0.11,剔除,-5.770340450086553,-5.322294500295676
778,2013-12-16,600881.SH,亚泰集团,材料,77.49454117219999,0.16,剔除,-3.9906103286384997,-3.3816425120772875
779,2013-12-16,600169.SH,太原重工,工业,76.112187,0.12,剔除,-8.720930232558132,-4.93827160493826
780,2013-12-16,002378.SZ,章源钨业,材料,75.66535124820001,0.03,剔除,-6.902002107481553,-6.0043668122270795
781,2013-12-16,002092.SZ,中泰化学,材料,75.35095802759999,0.1,剔除,-1.8115942028985366,-4.174228675136105
782,2013-12-16,600125.SH,铁龙物流,工业,74.2841946306,0.1,剔除,-4.3697478991596705,-2.7210884353741527
783,2013-12-16,600550.SH,保变电气,工业,73.455013471,0.08,剔除,-3.429602888086658,-2.0676691729323404
784,2013-12-16,600508.SH,上海能源,能源,72.8499744,0.06,剔除,-5.882352941176472,-4.050144648023146
785,2013-12-16,600432.SH,退市吉恩(退市),材料,66.106405673,0.07,剔除,-6.105990783410132,-4.836759371221266
786,2013-12-16,000969.SZ,安泰科技,材料,65.8313613524,0.08,剔除,-5.802469135802468,-7.365792759051182
787,2013-12-16,000059.SZ,华锦股份,能源,65.7877489116,0.06,剔除,4.980842911877392,-8.499095840867998
788,2013-12-16,000422.SZ,湖北宜化,材料,62.31194981280001,0.12,剔除,2.0588235294117796,-7.3275862068965525
789,2013-12-16,000807.SZ,云铝股份,材料,55.1023928272,0.07,剔除,-6.5274151436031325,-6.0109289617486406
790,2013-12-16,000780.SZ,ST平能,能源,50.106732405600006,0.04,剔除,-6.9679849340866244,-8.661417322834664
791,2013-12-16,600779.SH,水井坊,日常消费,49.343115498,0.07,剔除,-7.424381301558203,-4.913294797687861
792,2013-12-16,600018.SH,上港集团,工业,1231.055219065,0.46,纳入,2.2684310018903586,1.291512915129167
793,2013-12-16,600688.SH,上海石化,能源,376.92,0.13,纳入,24.642857142857146,7.2555205047318605
794,2013-12-16,600648.SH,外高桥,工业,350.23559674949996,0.15,纳入,-6.553398058252425,-3.2011331444758984
795,2013-12-16,600663.SH,陆家嘴,房地产,341.97294039999997,0.13,纳入,-3.8340336134453867,-8.509513742071883
796,2013-12-16,600597.SH,光明乳业,日常消费,271.7159861521,0.26,纳入,-1.509098979138923,-9.903076274757705
797,2013-12-16,600705.SH,中航产融,金融,266.28004969829993,0.25,纳入,-6.420545746388462,-2.939513849632558
798,2013-12-16,000831.SZ,五矿稀土,材料,230.3127327388,0.21,纳入,-0.7607776838545965,-3.4497265460664672
799,2013-12-16,000826.SZ,启迪环境,工业,228.17382592799999,0.26,纳入,0.914808461978267,-3.4571428571428697
800,2013-12-16,002230.SZ,科大讯飞,信息技术,220.89440235,0.3,纳入,2.12259042668399,-7.615556913052335
801,2013-12-16,002065.SZ,东华软件,信息技术,218.91392823299998,0.23,纳入,2.204213938411659,-2.923794712286154
802,2013-12-16,601231.SH,环旭电子,信息技术,218.32999625579998,0.08,纳入,-5.1428571428571495,-3.583061889250816
803,2013-12-16,002456.SZ,欧菲光,信息技术,215.471564,0.17,纳入,2.2737306843267246,-1.0795329367702222
804,2013-12-16,603000.SH,人民网,信息技术,208.64390226720002,0.12,纳入,2.988129349160862,-4.170590609444358
805,2013-12-16,002653.SZ,海思科,医疗保健,205.575381,0.08,纳入,-7.080078124999989,-3.3333333333333215
806,2013-12-16,000536.SZ,华映科技,信息技术,181.07757130100003,0.07,纳入,0.23264831329972147,-10.169491525423735
807,2013-12-16,000598.SZ,兴蓉环境,公用事业,176.186897518,0.2,纳入,-4.684975767366717,-3.691275167785235
808,2013-12-16,002129.SZ,中环股份,信息技术,174.01064571,0.13,纳入,-5.489260143198093,-13.006503251625812
809,2013-12-16,000793.SZ,华闻集团,可选消费,164.1680019232,0.22,纳入,-5.703125000000009,-9.031733116354756
810,2013-12-16,600008.SH,首创环保,公用事业,158.84,0.14,纳入,-3.733333333333344,-10.497981157469717
811,2013-12-16,000400.SZ,许继电气,工业,150.18154944,0.24,纳入,-1.737451737451745,-2.1703387043735534
812,2013-12-16,600079.SH,人福医药,医疗保健,140.2845969966,0.23,纳入,-1.485332343111767,-5.288640595903182
813,2013-09-18,000527.SZ,美的电器(退市),,474.48554053,0.58,剔除,0.0,
814,2013-09-18,000333.SZ,美的集团,可选消费,712.3029995136,0.57,纳入,,1.7992424242424088
815,2013-07-01,000898.SZ,鞍钢股份,材料,187.3815232373,0.13,剔除,-4.4280442804427995,0.0
816,2013-07-01,601558.SH,退市锐电(退市),工业,153.17724,0.0,剔除,-10.981308411214952,7.874015748031504
817,2013-07-01,000825.SZ,太钢不锈,材料,144.6846940184,0.14,剔除,-5.9259259259259345,0.7936469233105203
818,2013-07-01,601179.SH,中国西电,工业,138.1169,0.15,剔除,0.6349206349206327,5.228758169934644
819,2013-07-01,601216.SH,君正集团,材料,105.6,0.08,剔除,13.950276243093928,46.53333333333334
820,2013-07-01,600022.SH,山东钢铁,材料,102.33710317230002,0.047,剔除,-4.790419161676629,1.8867924528301883
821,2013-07-01,002405.SZ,四维图新,信息技术,95.094547625,0.0,剔除,-0.8651766402307026,6.7238912732475065
822,2013-07-01,000559.SZ,万向钱潮,可选消费,88.42612835699998,0.13,剔除,3.738317757009346,14.857142857142858
823,2013-07-01,600037.SH,歌华有线,可选消费,67.75751992859999,0.124,剔除,2.4600957082760333,6.270627062706269
824,2013-07-01,600770.SH,综艺股份,工业,67.3806,0.0,剔除,-3.020667726550086,5.762711864406778
825,2013-07-01,002073.SZ,软控股份,工业,64.9569375,0.0,剔除,5.932203389830515,9.535160905840257
826,2013-07-01,600456.SH,宝钛股份,材料,51.58885743,0.0,剔除,-3.9262820512820484,5.88235294117645
827,2013-07-01,601233.SH,桐昆股份,材料,48.95088,0.0,剔除,-4.868913857677892,1.1857707509881354
828,2013-07-01,002122.SZ,ST天马,工业,43.0056,0.0,剔除,-5.483028720626637,2.801120448179284
829,2013-07-01,600331.SH,宏达股份,材料,42.1056,0.0,剔除,-5.555555555555558,4.444444444444473
830,2013-07-01,000968.SZ,蓝焰控股,能源,36.989784,0.0,剔除,-6.856403622250962,1.7857142857142794
831,2013-07-01,601991.SH,大唐发电,公用事业,722.7350404854,0.35,纳入,11.95876288659794,3.3073929961089377
832,2013-07-01,600332.SH,白云山,医疗保健,451.96341149849997,0.4,纳入,13.36274818783485,2.772913018096923
833,2013-07-01,603993.SH,洛阳钼业,材料,346.7024468575,0.03,纳入,-1.8678177370218707,5.970149253731316
834,2013-07-01,002450.SZ,康得退(退市),材料,276.4658885853,0.36,纳入,17.02380952380953,-3.7169406719084974
835,2013-07-01,600403.SH,ST大有,能源,209.67424765539997,0.09,纳入,-10.327198364008183,-1.4084507042253502
836,2013-07-01,000539.SZ,粤电力A,公用事业,202.5734571265,0.07,纳入,-7.028112449799218,3.58921114462718
837,2013-07-01,002294.SZ,信立泰,医疗保健,199.72368,0.13,纳入,6.260869565217386,9.98617829993087
838,2013-07-01,002051.SZ,中工国际,工业,184.78880591,0.12,纳入,2.401119107339933,6.4585575888051805
839,2013-07-01,000156.SZ,华数传媒,可选消费,182.98389176400002,0.02,纳入,-1.301775147928963,11.180124223602462
840,2013-07-01,600436.SH,片仔癀,医疗保健,176.092,0.22,纳入,1.5829611071517036,3.319352953076149
841,2013-07-01,000963.SZ,华东医药,医疗保健,173.6674023991,0.19,纳入,-0.19955101022700594,-0.5771643663739057
842,2013-07-01,601139.SH,深圳燃气,公用事业,170.516745,0.07,纳入,-4.861878453038693,-8.323959505061874
843,2013-07-01,000027.SZ,深圳能源,公用事业,135.5856126174,0.09,纳入,-4.469273743016755,3.777335984095398
844,2013-07-01,600060.SH,海信视像,可选消费,135.4991095214,0.17,纳入,0.09652509652511299,10.202117420596712
845,2013-07-01,000656.SZ,金科股份,房地产,134.6223539262,0.06,纳入,1.0732458469927986,4.227782571182059
846,2013-07-01,002269.SZ,美邦服饰,可选消费,89.847,0.04,纳入,-14.367816091954023,1.1312217194570096
847,2013-01-04,601991.SH,大唐发电,公用事业,531.0704993622,0.35,剔除,-0.9925558312654958,1.985111662531014
848,2013-01-04,601919.SH,中远海控,工业,457.6890911936,0.329,剔除,2.752293577981657,3.8548752834467237
849,2013-01-04,600320.SH,振华重工,工业,149.70904531440002,0.0,剔除,1.1869436201780381,2.0648967551622377
850,2013-01-04,600307.SH,酒钢宏兴,材料,139.5152881584,0.0,剔除,3.963414634146356,9.756097560975618
851,2013-01-04,002493.SZ,荣盛石化,材料,121.6528,0.166,剔除,3.3050047214353118,2.8492647058823373
852,2013-01-04,601718.SH,际华集团,可选消费,116.0957,0.18,剔除,1.3468013468013407,1.9933554817275878
853,2013-01-04,601268.SH,*ST二重(退市),工业,115.81920096199998,0.0,剔除,3.9094650205761416,1.5810276679841806
854,2013-01-04,601566.SH,九牧王,可选消费,92.75879725,0.0,剔除,-2.9661016949152463,6.180469715698411
855,2013-01-04,600418.SH,江淮汽车,可选消费,87.118596526,0.0,剔除,2.5796661608497695,-3.9531478770131856
856,2013-01-04,600500.SH,中化国际,材料,81.5113286757,0.0,剔除,-0.8741258741258529,1.730103806228378
857,2013-01-04,600812.SH,华北制药,医疗保健,77.47605875960002,0.0,剔除,-1.0563380281690127,7.374100719424459
858,2013-01-04,600595.SH,ST中孚,材料,74.98625201099999,0.0,剔除,3.7735849056603987,1.6194331983805599
859,2013-01-04,000021.SZ,深科技,信息技术,60.818705704100005,0.0,剔除,2.2172949002217335,-0.2123142250530674
860,2013-01-04,600183.SH,生益科技,信息技术,60.335975496,0.173,剔除,-0.23529411764704466,4.750593824228044
861,2013-01-04,000680.SZ,山推股份,工业,55.0014701985,0.0,剔除,-3.400000000000003,1.4373716632443578
862,2013-01-04,601800.SH,中国交建,工业,873.43571295,0.1215,纳入,3.8461538461538547,-2.6415094339622747
863,2013-01-04,601238.SH,广汽集团,可选消费,390.6057198879001,0.0249,纳入,-1.620745542949753,3.9279869067103013
864,2013-01-04,600027.SH,华电国际,公用事业,283.7867417,0.1325,纳入,-0.773195876288646,-3.2994923857868064
865,2013-01-04,600340.SH,华夏幸福,房地产,250.377034059,0.1935,纳入,7.987828071510084,1.8774353524619203
866,2013-01-04,002236.SZ,大华股份,信息技术,235.59967368,0.2276,纳入,-2.9655172413793007,-5.177993527508084
867,2013-01-04,000750.SZ,国海证券,金融,226.50267870079998,0.1313,纳入,5.070656691604336,3.4195162635529464
868,2013-01-04,600886.SH,国投电力,公用事业,204.37614988279998,0.1579,纳入,0.5190311418684868,2.4305555555555802
869,2013-01-04,000883.SZ,湖北能源,公用事业,184.53186389100003,0.0256,纳入,-0.5763688760806795,2.7338129496402797
870,2013-01-04,600637.SH,东方明珠,可选消费,178.5318928225,0.1725,纳入,5.39119000657462,-0.3780718336483857
871,2013-01-04,002673.SZ,西部证券,金融,171.6,0.0663,纳入,-1.038062283737018,-3.8225255972696326
872,2013-01-04,600157.SH,永泰能源,公用事业,170.569494645,0.1318,纳入,1.3655462184874123,6.8012752391073406
873,2013-01-04,000970.SZ,中科三环,材料,170.32548,0.2632,纳入,3.8311688311688297,-4.6333231052470225
874,2013-01-04,000596.SZ,古井贡酒,日常消费,167.69879999999998,0.074,纳入,11.185308848080112,8.22637106184365
875,2013-01-04,002375.SZ,亚厦股份,工业,162.0365625,0.1252,纳入,-1.0093167701863415,-0.8685800604229632
876,2013-01-04,600582.SH,天地科技,工业,135.716256,0.1049,纳入,1.821493624772308,0.0
877,2012-07-02,601727.SH,上海电气,工业,584.7573756959999,0.19,剔除,-8.800000000000008,1.754385964912264
878,2012-07-02,000027.SZ,深圳能源,公用事业,176.0234269068,0.09,剔除,-3.1976744186046457,3.400309119010836
879,2012-07-02,600026.SH,中远海能,工业,171.2489964339,0.0,剔除,-5.451127819548884,-0.1980198019801871
880,2012-07-02,600808.SH,马钢股份,材料,165.564645499,0.0,剔除,-5.286343612334798,-0.9345794392523366
881,2012-07-02,600098.SH,广州发展,公用事业,142.70256,0.075,剔除,-1.42247510668565,1.3005780346820872
882,2012-07-02,600582.SH,天地科技,工业,141.32052,0.1049,剔除,-8.871493803000641,-6.57439446366782
883,2012-07-02,002244.SZ,滨江集团,房地产,123.032,0.0,剔除,-1.1943539630836164,6.28445424476296
884,2012-07-02,600008.SH,首创环保,公用事业,108.24,0.14,剔除,0.40816326530612734,-0.2044989775051187
885,2012-07-02,600635.SH,大众公用,公用事业,77.47336677929998,0.0,剔除,-2.685950413223148,3.648068669527893
886,2012-07-02,600380.SH,健康元,医疗保健,76.9826274216,0.0,剔除,-2.161100196463639,1.22699386503069
887,2012-07-02,002498.SZ,汉缆股份,工业,76.838256,0.0,剔除,-7.493540051679581,3.76293508936969
888,2012-07-02,600161.SH,天坛生物,医疗保健,74.27877567880002,0.133,剔除,1.7655367231638408,4.695164681149255
889,2012-07-02,601519.SH,大智慧,信息技术,71.863,0.0,剔除,-0.3853564547206201,-1.934235976789167
890,2012-07-02,600428.SH,中远海特,工业,69.308302113,0.0,剔除,-2.147971360381873,3.1941031941031817
891,2012-07-02,600879.SH,航天电子,工业,64.88326272,0.0,剔除,2.0408163265306145,4.949238578680193
892,2012-07-02,600151.SH,航天机电,信息技术,63.19333218,0.0,剔除,-0.30211480362538623,0.7727975270479082
893,2012-07-02,600737.SH,中粮糖业,日常消费,60.839055673000004,0.139,剔除,-5.46875,-0.5033557046979942
894,2012-07-02,600481.SH,双良节能,工业,58.4892859186,0.0,剔除,-1.0958904109588996,-1.6759776536312776
895,2012-07-02,601336.SH,新华保险,金融,1108.3749069799999,0.114,纳入,9.054634745242485,3.0457547021027986
896,2012-07-02,600011.SH,华能国际,公用事业,902.3556168480001,0.41,纳入,-2.1296154549188206,-3.2558139534883734
897,2012-07-02,601633.SH,长城汽车,可选消费,501.3913104,0.134,纳入,0.5491153142159977,-7.247191011235953
898,2012-07-02,601669.SH,中国电建,工业,392.64,0.319,纳入,-5.760368663594473,-7.809178260869554
899,2012-07-02,002241.SZ,歌尔股份,信息技术,317.15825814199997,0.257,纳入,9.645265318088537,4.110715264456011
900,2012-07-02,601901.SH,方正证券,金融,307.44,0.187,纳入,-0.39525691699603405,-2.5590551181102317
901,2012-07-02,002081.SZ,金螳螂,工业,301.6975201575,0.245,纳入,3.0810092961487623,1.9999999999999796
902,2012-07-02,000725.SZ,京东方A,信息技术,258.26145871309996,0.33,纳入,2.6881720430107503,-2.094240837696326
903,2012-07-02,002353.SZ,杰瑞股份,能源,220.909832,0.179,纳入,8.725135623869807,1.855670103092777
904,2012-07-02,601928.SH,凤凰传媒,可选消费,218.35242,0.133,纳入,3.7484885126964906,-0.23255813953487747
905,2012-07-02,000046.SZ,泛海控股,金融,203.7118360296,0.124,纳入,-2.1881838074398474,0.6711409395973256
906,2012-07-02,000703.SZ,恒逸石化,材料,195.0716675566,0.119,纳入,-5.000000000000004,3.0066145520144083
907,2012-07-02,600827.SH,百联股份,日常消费,189.47453272,0.172,纳入,-0.012043009496165435,-3.2549608332778868
908,2012-07-02,600315.SH,上海家化,日常消费,178.35800739120003,0.253,纳入,4.464285714285721,10.125608818251752
909,2012-07-02,601555.SH,东吴证券,金融,175.2,0.107,纳入,2.696365767878084,-1.0180995475113086
910,2012-07-02,600022.SH,山东钢铁,材料,163.48191324380002,0.099,纳入,-2.3076923076923106,-5.447470817120603
911,2012-07-02,601566.SH,九牧王,可选消费,158.783618,0.097,纳入,3.821415058645483,-5.960502692998205
912,2012-07-02,002570.SZ,贝因美,日常消费,88.95924,0.036,纳入,-2.8837209302325584,10.124069478908204
913,2012-01-04,600018.SH,上港集团,工业,587.08363497,0.46,剔除,-2.272727272727282,5.791505791505802
914,2012-01-04,000725.SZ,京东方A,信息技术,225.80975709469996,0.33,剔除,-2.9069767441860517,6.432748538011701
915,2012-01-04,600827.SH,百联股份,日常消费,195.67551742719996,0.172,剔除,-5.3333333333333455,8.443271767810035
916,2012-01-04,600998.SH,九州通,日常消费,136.369518624,0.09,剔除,-10.364145658263313,-10.779595765158811
917,2012-01-04,600823.SH,世茂股份,房地产,116.82541473239999,0.0,剔除,-2.4437927663734205,-8.325358851674647
918,2012-01-04,601107.SH,四川成渝,工业,106.420488,0.0,剔除,-3.601108033240996,5.475504322766556
919,2012-01-04,600717.SH,天津港,工业,101.49100867199999,0.108,剔除,-1.1419249592169667,5.4545454545454675
920,2012-01-04,000927.SZ,中国铁物,工业,97.46513262200001,0.0,剔除,8.718861209964412,7.364975450081834
921,2012-01-04,000536.SZ,华映科技,信息技术,93.515883051,0.07,剔除,-10.999999999999998,0.5223880597015063
922,2012-01-04,002294.SZ,信立泰,医疗保健,90.0736,0.13,剔除,-0.7603041216486583,8.336772595955422
923,2012-01-04,600269.SH,赣粤高速,工业,88.745466532,0.0,剔除,-1.8087855297157618,5.000000000000027
924,2012-01-04,600517.SH,国网英大,工业,86.1856065,0.0,剔除,-4.849726775956298,-1.5635622025832796
925,2012-01-04,000685.SZ,中山公用,公用事业,83.7383950422,0.0,剔除,0.21505376344086446,8.40336134453783
926,2012-01-04,600004.SH,白云机场,工业,71.53,0.111,剔除,0.0,4.361873990306964
927,2012-01-04,600312.SH,平高电气,工业,68.3017788282,0.0,剔除,-5.2272727272727355,7.904191616766476
928,2012-01-04,000031.SZ,大悦城,房地产,68.01493485,0.0,剔除,-4.580152671755721,2.894736842105261
929,2012-01-04,600300.SH,ST维维,日常消费,63.7032,0.0,剔除,-6.157635467980294,4.675324675324699
930,2012-01-04,002028.SZ,思源电气,工业,52.849536,0.0,剔除,-7.609531129900082,-4.435483870967738
931,2012-01-04,000690.SZ,宝新能源,公用事业,52.31635875,0.0,剔除,-1.9417475728155331,4.918032786885251
932,2012-01-04,600675.SH,中华企业,房地产,52.1927968122,0.0,剔除,-6.345177664974633,5.630026809651478
933,2012-01-04,600239.SH,*ST云城,房地产,51.464324,0.0,剔除,1.296596434359798,2.639751552795011
934,2012-01-04,000612.SZ,焦作万方,材料,50.9947000146,0.0,剔除,0.5681818181818121,11.223551057957671
935,2012-01-04,000951.SZ,中国重汽,工业,50.7504855,0.0,剔除,-3.585657370517936,6.173842404549146
936,2012-01-04,600220.SH,江苏阳光,可选消费,50.4685312258,0.0,剔除,-4.391891891891875,5.964912280701751
937,2012-01-04,601991.SH,大唐发电,公用事业,698.776972845,0.237,纳入,6.060606060606077,2.1317829457364157
938,2012-01-04,002594.SZ,比亚迪,可选消费,528.02463,0.04,纳入,1.2641083521444774,4.166666666666674
939,2012-01-04,601992.SH,金隅集团,材料,345.69758074200007,0.114,纳入,-3.237410071942437,6.183115338882295
940,2012-01-04,000629.SZ,攀钢钒钛,材料,344.1624978268,0.389,纳入,14.694656488549619,3.343949044585992
941,2012-01-04,600873.SH,梅花生物,日常消费,215.8464572591,0.098,纳入,-2.5672371638141733,3.9663461538461453
942,2012-01-04,600372.SH,中航电子,工业,194.41397748500003,0.132,纳入,3.817463799912235,2.3927392739274023
943,2012-01-04,000581.SZ,威孚高科,可选消费,188.902906335,0.272,纳入,-5.932203389830515,-10.365004179437175
944,2012-01-04,600160.SH,巨化股份,材料,173.8381762,0.157,纳入,-0.4563894523326617,4.039900249376549
945,2012-01-04,002603.SZ,以岭药业,医疗保健,158.355,0.072,纳入,-4.067971163748729,-3.4904923157072276
946,2012-01-04,601258.SH,庞大集团,可选消费,152.5713,0.069,纳入,-5.3658536585365795,4.715447154471564
947,2012-01-04,600098.SH,广州发展,公用事业,145.58544,0.099,纳入,2.612481857764881,0.8683068017365958
948,2012-01-04,002299.SZ,圣农发展,日常消费,134.8132,0.122,纳入,-4.207119741100318,0.3371544167228624
949,2012-01-04,600783.SH,鲁信创投,工业,122.89371943939999,0.083,纳入,-2.99647473560517,-1.5133876600698426
950,2012-01-04,600498.SH,烽火通信,信息技术,119.873089875,0.135,纳入,1.2327231976092756,1.4760147601476037
951,2012-01-04,002344.SZ,海宁皮城,房地产,119.0,0.081,纳入,-4.921700223713654,-4.0212107821476
952,2012-01-04,002038.SZ,双鹭药业,医疗保健,118.3977,0.16,纳入,-5.0091631032376345,-10.715372907153743
953,2012-01-04,600252.SH,中恒集团,医疗保健,113.541742912,0.205,纳入,-2.4390243902439046,6.685499058380429
954,2012-01-04,601216.SH,君正集团,材料,112.32,0.051,纳入,-1.2935883014623228,-1.9785189372526935
955,2012-01-04,600770.SH,综艺股份,工业,109.79724,0.149,纳入,-1.0617120106171218,-3.8920276208411653
956,2012-01-04,601233.SH,桐昆股份,材料,109.65768,0.074,纳入,0.5300353356890497,6.8201193520886605
957,2012-01-04,601099.SH,太平洋,金融,99.06834969909998,0.067,纳入,1.8547140649149974,6.537890044576522
958,2012-01-04,002378.SZ,章源钨业,材料,94.24982348460001,0.043,纳入,-0.855855855855836,3.6123348017621293
959,2012-01-04,600259.SH,广晟有色,材料,93.25066,0.105,纳入,8.691860465116296,7.212168895882498
960,2012-01-04,002431.SZ,棕榈股份,工业,88.0512,0.08,纳入,-3.655462184873959,-6.12076095947065
961,2011-08-23,600631.SH,百联股份(退市),日常消费,172.64107985599998,0.0,剔除,0.0,
962,2011-08-23,600827.SH,百联股份,日常消费,88.75789109600001,0.27,纳入,-1.6736401673640322,-0.26780931976431166
963,2011-07-01,600663.SH,陆家嘴,房地产,262.9699072,0.13,剔除,1.4409221902017322,1.2875536480686733
964,2011-07-01,000046.SZ,泛海控股,金融,203.02823926439999,0.124,剔除,-0.6688963210702337,9.56719817767655
965,2011-07-01,601877.SH,正泰电器,工业,174.5685,0.086,剔除,-0.45845272206302967,5.251009809578777
966,2011-07-01,601099.SH,太平洋,金融,140.86046080129998,0.067,剔除,-3.7987679671457997,1.698513800424628
967,2011-07-01,600350.SH,山东高速,工业,139.93408,0.049,剔除,1.2165450121654597,1.9323671497584627
968,2011-07-01,000959.SZ,首钢股份,材料,131.1204517194,0.107,剔除,0.0,0.0
969,2011-07-01,601139.SH,深圳燃气,公用事业,128.904,0.07,剔除,1.0499433317175955,1.8129770992366456
970,2011-07-01,000652.SZ,泰达股份,工业,113.32407183359999,0.0,剔除,0.0,0.0
971,2011-07-01,600017.SH,日照港,工业,109.17121389000003,0.0,剔除,-0.47961630695443347,-0.9615384615384581
972,2011-07-01,600611.SH,大众交通,工业,108.43443533919998,0.0,剔除,0.5847953216374213,1.895043731778423
973,2011-07-01,600657.SH,信达地产,房地产,100.14391103940001,0.0,剔除,3.1397174254317095,1.7268445839874413
974,2011-07-01,600087.SH,退市长油(退市),工业,98.0920680534,0.0,剔除,0.0,0.34364261168382537
975,2011-07-01,002242.SZ,九阳股份,可选消费,95.194845,0.0,剔除,0.8058017727639033,2.880000000000016
976,2011-07-01,600033.SH,福建高速,工业,93.58404,0.0,剔除,4.601226993865026,6.790123456790109
977,2011-07-01,600325.SH,华发股份,房地产,91.99933681200001,0.0,剔除,4.3558850787766445,-2.584670231729058
978,2011-07-01,600006.SH,东风汽车,可选消费,88.2,0.0,剔除,-0.2262443438914019,4.794520547945202
979,2011-07-01,600210.SH,紫江企业,材料,85.0547805536,0.0,剔除,3.975183506630131,5.000006472442942
980,2011-07-01,600597.SH,光明乳业,日常消费,84.35514614399999,0.26,剔除,0.7518796992481036,9.962168978562435
981,2011-07-01,600748.SH,上实发展,房地产,79.30274790360001,0.0,剔除,0.5494505494505475,2.6243093922651894
982,2011-07-01,600601.SH,ST方科,工业,79.2355724644,0.0,剔除,0.8379888268156277,2.7932960893854775
983,2011-07-01,000667.SZ,美好置业,房地产,77.8116068928,0.0,剔除,0.3300330033003229,2.006688963210701
984,2011-07-01,600596.SH,新安股份,材料,73.1481849741,0.0,剔除,4.057971014492767,4.277566539923949
985,2011-07-01,000900.SZ,现代投资,工业,65.42329100999999,0.0,剔除,-0.9667673716012071,3.006134969325136
986,2011-07-01,601558.SH,退市锐电(退市),工业,592.20492,0.09,纳入,-0.0339328130302019,4.071159767362298
987,2011-07-01,000869.SZ,张裕A,日常消费,522.0072,0.18,纳入,3.664921465968596,1.0829959514170096
988,2011-07-01,601118.SH,海南橡胶,日常消费,479.60293519999993,0.17,纳入,1.1608623548921893,1.7045454545454364
989,2011-07-01,601018.SH,宁波港,工业,409.6,0.14,纳入,1.2658227848101333,2.5236874999999825
990,2011-07-01,601377.SH,兴业证券,金融,374.0,0.13,纳入,0.7705986959098965,-1.741149158444577
991,2011-07-01,002493.SZ,荣盛石化,材料,340.0496,0.12,纳入,3.837011884550079,2.1042408546455116
992,2011-07-01,601717.SH,郑煤机,工业,251.72,0.09,纳入,1.6393442622950838,-1.9473395501919954
993,2011-07-01,002500.SZ,山西证券,金融,219.82168,0.08,纳入,-0.7583965330444253,0.43715846994534235
994,2011-07-01,600267.SH,海正药业,医疗保健,193.65790140899998,0.17,纳入,1.8492961634004823,1.6604177825388255
995,2011-07-01,600971.SH,恒源煤电,能源,192.9720874473,0.1,纳入,11.672164425272769,8.62239841427157
996,2011-07-01,601933.SH,永辉超市,日常消费,185.0639,0.07,纳入,2.5968497232865317,2.563042579578334
997,2011-07-01,002106.SZ,莱宝高科,信息技术,184.741898432,0.2,纳入,5.884377150722631,11.900826446280988
998,2011-07-01,600998.SH,九州通,日常消费,176.57011630169998,0.06,纳入,3.410981697171378,0.728744939271242
999,2011-07-01,601718.SH,际华集团,可选消费,174.7221,0.09,纳入,1.116071428571419,-2.1739130434782483
1000,2011-07-01,002069.SZ,獐子岛,日常消费,172.6580407032,0.09,纳入,2.533783783783772,4.938271604938271
1001,2011-07-01,601098.SH,中南传媒,可选消费,171.15879999999999,0.09,纳入,1.4909478168263934,1.8887722980063248
1002,2011-07-01,600859.SH,王府井,可选消费,166.5138279222,0.18,纳入,1.4762025960804337,1.8513885414060738
1003,2011-07-01,000536.SZ,华映科技,信息技术,162.6545920932,0.06,纳入,1.708278580814726,9.173126614987082
1004,2011-07-01,002073.SZ,软控股份,工业,153.075663,0.27,纳入,4.77642276422765,0.5825242718446422
1005,2011-07-01,002310.SZ,东方园林,工业,137.4731685,0.1,纳入,5.682605682605679,13.36666666666666
1006,2011-07-01,000559.SZ,万向钱潮,可选消费,135.90538286219999,0.12,纳入,8.248730964467011,20.522388059701502
1007,2011-07-01,002498.SZ,汉缆股份,工业,135.36,0.05,纳入,2.45464247598719,1.8106570098292973
1008,2011-07-01,601519.SH,大智慧,信息技术,110.088,0.04,纳入,-0.3146633102580343,3.388746803069065
1009,2011-01-04,600011.SH,华能国际,公用事业,792.7236260159999,0.41,剔除,-2.083333333333337,-5.2083333333333375
1010,2011-01-04,601991.SH,大唐发电,公用事业,758.2983148047999,0.237,剔除,-2.3771790808240767,-0.6568144499179085
1011,2011-01-04,600688.SH,上海石化,能源,614.8799999999999,0.13,剔除,1.6666666666666385,-0.2358490566037763
1012,2011-01-04,600027.SH,华电国际,公用事业,222.76867018,0.1325,剔除,-2.9498525073746285,-0.9202453987729897
1013,2011-01-04,000488.SZ,晨鸣纸业,材料,147.23008018739998,0.0,剔除,1.8544935805991258,0.7082152974504208
1014,2011-01-04,601872.SH,招商轮船,工业,143.85936275010002,0.153,剔除,1.6990291262135804,0.7299270072992581
1015,2011-01-04,600886.SH,国投电力,公用事业,143.8467894542,0.1579,剔除,-2.960969044414541,0.8368200836820217
1016,2011-01-04,601801.SH,皖新传媒,可选消费,139.139,0.0,剔除,-1.3548387096774306,-2.6437541308658385
1017,2011-01-04,600282.SH,南钢股份,材料,135.651335995,0.0,剔除,0.0,3.206997084548102
1018,2011-01-04,601003.SH,柳钢股份,材料,129.67733592,0.0,剔除,-0.3937007874015852,1.6194331983805599
1019,2011-01-04,601588.SH,北辰实业,房地产,120.539316,0.0,剔除,-1.9178082191780854,0.8571428571428452
1020,2011-01-04,600022.SH,山东钢铁,材料,112.33728,0.099,剔除,-2.7027027027026973,-0.28169014084505895
1021,2011-01-04,600835.SH,上海机电,工业,110.2512974024,0.0,剔除,1.2206572769952961,11.52030217186024
1022,2011-01-04,600236.SH,桂冠电力,公用事业,104.900677644,0.0,剔除,1.5452538631346435,5.000000000000004
1023,2011-01-04,600251.SH,冠农股份,日常消费,103.48818,0.0,剔除,11.249513429349944,-1.8290538163911352
1024,2011-01-04,000932.SZ,华菱钢铁,材料,100.4717559175,0.0,剔除,-2.6525198938991967,1.3623978201634745
1025,2011-01-04,000089.SZ,深圳机场,工业,94.6536192,0.0,剔除,0.9009009009008917,2.3508137432187937
1026,2011-01-04,600426.SH,华鲁恒升,材料,88.432825,0.214,剔除,0.7241129616220032,2.747650036153293
1027,2011-01-04,000897.SZ,津滨发展,房地产,84.906792285,0.0,剔除,4.166666666666652,-2.111324376199619
1028,2011-01-04,600820.SH,隧道股份,工业,83.4747292886,0.17,剔除,0.3527336860670305,1.8231540565177617
1029,2011-01-04,600569.SH,安阳钢铁,材料,82.5821148705,0.0,剔除,0.29069767441862737,0.887573964497057
1030,2011-01-04,000631.SZ,顺发恒业,房地产,77.4722726973,0.0,剔除,5.555555555555558,4.992867332382311
1031,2011-01-04,600643.SH,爱建集团,金融,77.03598142320001,0.0,剔除,0.10660980810235365,-7.773109243697474
1032,2011-01-04,600246.SH,万通发展,房地产,73.6164,0.0,剔除,-1.3050570962479635,3.2815198618307617
1033,2011-01-04,600102.SH,莱钢股份(退市),,71.93730117599999,0.0,剔除,-4.8780487804877986,-4.968152866242037
1034,2011-01-04,000717.SZ,韶钢松山,材料,63.942784903,0.0,剔除,-2.0460358056266004,-1.5957446808510412
1035,2011-01-04,601818.SH,光大银行,金融,1645.695953,0.18,纳入,4.092071611253201,3.2828282828282873
1036,2011-01-04,000776.SZ,广发证券,金融,1370.100492538,0.09,纳入,2.822201317027284,-4.008280015054577
1037,2011-01-04,600115.SH,中国东航,工业,766.80464248,0.28,纳入,3.1866464339908918,-0.7598784194528752
1038,2011-01-04,002399.SZ,海普瑞,医疗保健,560.9401999999999,0.2,纳入,5.429387877876368,-3.529073528354776
1039,2011-01-04,002415.SZ,海康威视,信息技术,474.15,0.08,纳入,5.319857840959563,-6.362672322375396
1040,2011-01-04,600276.SH,恒瑞医药,医疗保健,430.69923935080004,0.38,纳入,3.9992761491132844,-11.014103425117527
1041,2011-01-04,601106.SH,中国一重,工业,407.3174,0.29,纳入,7.228915662650626,5.723905723905731
1042,2011-01-04,601158.SH,重庆水务,公用事业,399.84,0.14,纳入,3.6069651741293507,-2.4183796856106388
1043,2011-01-04,600406.SH,国电南瑞,工业,383.22342934129995,0.41,纳入,4.347204347204325,-9.603108520677218
1044,2011-01-04,002422.SZ,科伦药业,医疗保健,378.72,0.2,纳入,10.195530726257008,-6.342051802945658
1045,2011-01-04,600703.SH,三安光电,信息技术,317.5517566524,0.23,纳入,11.96482295764869,3.2272132577409574
1046,2011-01-04,600887.SH,伊利股份,日常消费,312.934856625,0.55,纳入,7.230895645028768,-6.4558285415577625
1047,2011-01-04,600546.SH,山煤国际,能源,270.525,0.14,纳入,9.435679611650505,-4.421965317919085
1048,2011-01-04,600582.SH,天地科技,工业,260.9928,0.19,纳入,10.729613733905573,-9.657560600230862
1049,2011-01-04,601369.SH,陕鼓动力,工业,260.018210382,0.09,纳入,7.400722021660644,-5.000000000000004
1050,2011-01-04,002405.SZ,四维图新,信息技术,218.525350134,0.08,纳入,4.198473282442761,-8.189496878442892
1051,2011-01-04,601101.SH,昊华能源,能源,218.0562,0.12,纳入,4.186550976138825,8.818529536761567
1052,2011-01-04,601268.SH,*ST二重(退市),工业,217.334,0.08,纳入,7.1666666666666545,-0.3197442046362853
1053,2011-01-04,002146.SZ,荣盛发展,房地产,214.3232,0.15,纳入,8.333333333333325,10.08094186902133
1054,2011-01-04,600535.SH,天士力,医疗保健,211.73274407,0.19,纳入,8.008429926238136,-6.9430814524043205
1055,2011-01-04,600823.SH,世茂股份,房地产,173.95046722680001,0.09,纳入,4.721634954193088,8.58623242042933
1056,2011-01-04,600893.SH,航发动力,工业,172.3704859352,0.09,纳入,0.06325110689437974,-3.3567774936061445
1057,2011-01-04,002092.SZ,中泰化学,材料,170.26515,0.15,纳入,4.609929078014208,-3.53430353430354
1058,2011-01-04,002385.SZ,大北农,日常消费,164.36808,0.06,纳入,2.3970037453183712,-2.152932442464728
1059,2011-01-04,002294.SZ,信立泰,医疗保健,163.8259,0.09,纳入,3.6925287356321945,-4.280371242554382
1060,2011-01-04,600481.SH,双良节能,工业,137.9571776453,0.12,纳入,-1.160766105629707,-7.2289156626506035
