,600519.SH,000858.SZ,000568.SZ,600809.SH,002304.SZ,000799.SZ,600132.SH,000596.SZ,600600.SH,002568.SZ,688660.SH
2020-01-20,1091.0,137.56,90.59,95.9,113.6,39.62,51.52,146.93,51.9,28.87,
2020-01-21,1075.3,132.62,87.26,94.5,109.52,38.96,49.22,146.72,49.8,28.38,
2020-01-22,1075.51,131.7,87.51,95.48,111.67,38.96,49.3,147.38,49.73,28.68,
2020-01-23,1052.8,126.16,82.65,91.68,107.16,37.02,47.91,143.2,48.33,27.16,
2020-02-03,1003.92,113.54,74.39,82.51,96.5,33.32,43.2,128.88,43.5,24.44,
2020-02-04,1038.01,114.5,72.12,79.75,99.55,31.63,45.35,127.0,45.05,24.05,
2020-02-05,1049.99,117.51,72.4,81.28,102.84,32.15,45.57,125.33,44.81,24.01,
2020-02-06,1071.0,119.15,73.89,82.41,102.83,32.55,47.49,124.89,45.08,24.02,
2020-02-07,1076.0,120.58,74.76,85.21,102.44,32.45,49.91,122.28,45.61,23.4,
2020-02-10,1066.49,121.13,73.72,85.8,100.78,32.81,49.6,123.3,45.11,25.0,
2020-02-11,1098.0,124.79,77.4,87.4,102.42,33.45,49.6,124.4,45.55,25.68,
2020-02-12,1097.27,124.49,77.49,87.59,104.46,33.32,49.38,124.21,45.73,26.67,
2020-02-13,1091.0,124.14,77.5,87.85,102.73,32.71,49.4,122.58,44.98,26.79,
2020-02-14,1088.0,123.43,77.72,87.35,102.72,32.58,49.15,121.3,45.0,26.59,
2020-02-17,1093.82,124.3,78.22,87.4,103.31,33.24,48.96,123.35,45.5,26.76,
2020-02-18,1084.0,123.39,77.7,86.66,101.93,33.46,48.5,123.0,45.5,28.36,
2020-02-19,1096.5,126.0,79.03,87.85,101.95,34.29,49.87,124.3,45.54,29.06,
2020-02-20,1118.0,130.15,82.77,91.23,104.79,35.7,50.22,132.81,46.5,29.43,
2020-02-21,1112.88,130.0,82.69,90.26,104.21,35.38,48.39,133.48,46.22,29.13,
2020-02-24,1087.18,127.1,81.11,88.63,101.7,34.74,47.7,129.67,45.2,31.82,
2020-02-25,1074.81,125.3,79.55,87.08,100.47,34.17,47.28,127.31,44.24,32.51,
2020-02-26,1073.7,124.1,78.5,87.15,100.48,33.8,46.56,126.41,43.02,30.89,
2020-02-27,1087.39,126.3,79.02,89.94,100.47,34.01,47.0,128.39,43.74,31.39,
2020-02-28,1057.0,120.6,74.8,86.25,97.38,32.04,45.56,122.3,42.7,30.39,
2020-03-02,1086.01,122.65,77.82,89.4,99.12,32.82,46.0,124.25,43.3,31.62,
2020-03-03,1113.0,124.37,79.0,91.5,97.33,33.21,47.2,123.25,43.2,33.54,
2020-03-04,1128.92,125.27,78.88,91.06,98.18,33.72,47.39,124.89,44.25,33.54,
2020-03-05,1171.0,133.2,83.4,100.17,100.31,35.04,49.6,132.87,45.79,35.07,
2020-03-06,1155.5,130.07,81.38,96.2,98.0,34.54,49.08,129.4,45.3,34.62,
2020-03-09,1114.01,126.3,77.8,90.0,95.28,32.8,47.94,123.96,43.67,33.76,
2020-03-10,1156.0,130.72,81.22,94.35,95.95,33.51,50.46,128.0,44.46,33.58,
2020-03-11,1158.52,129.9,81.51,93.8,95.5,33.37,50.17,130.58,44.72,32.81,
2020-03-12,1138.5,126.04,80.25,91.0,93.1,32.52,50.28,127.74,43.68,31.9,
2020-03-13,1112.03,122.6,78.92,90.72,91.8,31.58,50.28,125.45,43.0,31.03,
2020-03-16,1067.0,115.5,74.05,87.03,88.02,30.13,48.6,122.0,40.1,29.0,
2020-03-17,1045.1,112.36,71.65,85.63,86.01,28.75,48.86,116.9,38.25,28.92,
2020-03-18,1007.99,107.59,69.77,83.81,84.65,27.66,46.7,111.86,38.11,28.25,
2020-03-19,996.0,102.11,66.51,80.2,82.2,26.26,43.89,105.38,37.68,27.78,
2020-03-20,1035.28,108.51,68.65,83.22,83.51,27.32,43.07,105.86,39.2,28.27,
2020-03-23,1019.0,104.51,66.63,80.99,80.91,26.11,40.97,99.5,39.34,28.3,
2020-03-24,1056.0,109.05,70.17,84.13,82.87,26.58,43.3,102.0,43.27,30.0,
2020-03-25,1080.1,114.0,72.91,86.9,84.15,27.69,44.61,109.0,44.88,31.09,
2020-03-26,1064.92,113.89,72.98,88.72,81.8,27.84,45.56,111.6,44.11,31.84,
2020-03-27,1075.5,115.81,74.5,90.33,85.83,28.69,45.4,113.23,44.45,33.83,
2020-03-30,1072.0,113.23,71.91,88.06,83.0,27.98,47.48,112.85,46.1,32.89,
2020-03-31,1111.0,115.2,73.65,90.18,83.87,28.45,45.51,114.23,45.71,33.97,
2020-04-01,1103.0,115.0,73.84,90.55,83.57,28.0,45.76,113.15,45.35,34.15,
2020-04-02,1145.0,117.19,74.25,91.21,84.41,28.44,46.87,113.53,45.01,34.48,
2020-04-03,1139.79,117.52,74.3,90.79,85.0,28.16,47.12,112.69,45.37,33.11,
2020-04-07,1159.95,124.14,76.24,91.3,87.07,28.99,47.41,115.18,46.54,34.64,
2020-04-08,1159.76,125.28,76.12,92.43,86.66,29.16,47.0,113.62,45.81,33.69,
2020-04-09,1158.5,124.98,76.35,93.8,87.27,29.08,49.71,115.68,46.72,35.18,
2020-04-10,1165.0,126.52,76.85,93.48,91.12,28.86,51.88,116.56,47.05,34.46,
2020-04-13,1162.3,125.0,78.13,93.71,91.3,29.0,51.99,117.86,47.9,34.73,
2020-04-14,1185.1,128.45,78.39,96.1,91.28,29.18,52.13,121.0,47.25,36.31,
2020-04-15,1189.6,127.91,78.63,96.07,90.48,29.5,51.83,126.98,46.13,33.05,
2020-04-16,1197.1,126.1,77.18,95.66,89.97,29.3,52.22,126.99,46.55,32.24,
2020-04-17,1226.0,128.82,78.33,97.45,89.76,32.23,51.3,127.3,46.55,31.97,
2020-04-20,1227.3,129.31,78.05,98.19,90.1,32.37,51.47,127.84,46.89,31.99,
2020-04-21,1200.0,126.47,74.73,96.68,88.49,31.5,50.57,126.3,45.67,31.79,
2020-04-22,1244.5,130.3,77.28,99.6,90.59,33.1,50.9,128.36,46.79,32.87,
2020-04-23,1252.26,131.09,77.74,99.12,90.99,32.68,51.17,131.4,47.28,32.48,
2020-04-24,1250.56,131.4,77.88,100.0,91.06,32.36,51.85,136.06,48.82,35.73,
2020-04-27,1276.0,132.7,78.15,99.32,90.31,31.98,52.15,135.0,49.64,36.14,
2020-04-28,1279.13,139.0,82.5,109.25,91.92,32.76,54.08,138.5,50.0,38.6,
2020-04-29,1274.9,135.5,79.09,103.49,99.1,31.79,53.45,134.77,51.05,40.55,
2020-04-30,1265.7,135.77,79.17,107.31,98.44,32.05,54.44,134.89,52.75,39.15,
2020-05-06,1300.0,138.21,79.03,106.28,100.09,33.33,55.08,134.12,55.26,41.0,
2020-05-07,1312.0,141.91,80.3,108.5,99.5,34.8,55.75,136.5,55.5,40.59,
2020-05-08,1314.61,142.9,81.64,108.35,99.82,34.76,56.47,140.24,55.36,40.39,
2020-05-11,1323.01,141.85,82.8,107.1,98.34,34.93,56.03,145.88,54.79,40.43,
2020-05-12,1333.0,142.9,84.12,111.29,96.81,35.1,56.39,147.7,55.93,41.47,
2020-05-13,1335.95,146.0,88.66,117.26,98.57,36.51,58.53,149.11,59.46,42.6,
2020-05-14,1326.59,146.3,87.8,116.73,97.85,36.9,58.35,150.78,60.32,44.8,
2020-05-15,1313.0,145.22,87.56,115.18,95.6,36.56,56.54,148.19,60.68,45.22,
2020-05-18,1346.21,151.19,89.5,119.29,100.56,37.4,57.95,152.3,61.25,45.04,
2020-05-19,1346.11,151.42,89.1,120.5,104.31,38.48,57.87,154.95,60.7,47.04,
2020-05-20,1351.0,150.85,87.83,120.11,102.23,39.6,56.78,154.65,60.81,45.75,
2020-05-21,1366.1,151.68,87.63,121.95,100.7,42.4,57.2,155.71,59.88,45.49,
2020-05-22,1328.2,144.25,84.08,117.9,97.81,41.05,58.25,152.49,58.58,44.39,
2020-05-25,1362.9,147.03,84.78,121.95,102.5,41.76,59.56,152.6,59.58,45.01,
2020-05-26,1358.0,147.81,85.35,122.88,104.43,41.92,61.32,152.2,61.05,45.0,
2020-05-27,1338.0,146.16,84.16,122.22,104.5,41.96,61.46,147.76,61.05,45.02,
2020-05-28,1344.0,146.16,84.0,124.5,104.25,44.09,62.3,147.88,61.9,45.85,
2020-05-29,1366.6,148.2,85.3,128.11,105.51,44.0,61.7,149.76,63.29,47.38,
2020-06-01,1419.5,158.59,89.22,131.85,107.25,45.56,61.08,151.41,64.36,45.97,
2020-06-02,1410.71,158.77,88.11,129.93,105.16,45.68,59.32,146.96,61.76,41.37,
2020-06-03,1399.3,158.24,87.48,129.97,104.8,45.68,60.0,145.78,63.3,41.82,
2020-06-04,1407.99,158.85,89.08,133.18,106.0,49.44,63.9,147.31,67.3,41.74,
2020-06-05,1425.0,160.09,93.59,134.6,109.3,50.68,60.83,148.0,65.54,41.11,
2020-06-08,1406.1,160.61,95.03,135.37,111.5,54.07,58.6,147.81,64.49,40.74,
2020-06-09,1416.55,162.61,95.79,134.99,112.7,49.74,59.01,148.39,64.45,42.36,
2020-06-10,1423.66,162.54,95.95,135.14,112.75,52.0,59.26,147.71,64.99,43.25,
2020-06-11,1400.46,160.07,94.9,133.98,110.04,50.73,58.42,145.1,62.75,42.28,
2020-06-12,1416.37,161.5,95.0,135.3,110.73,51.53,58.5,145.32,64.35,43.2,
2020-06-15,1383.0,157.0,90.36,133.32,105.65,51.5,58.2,141.65,63.75,43.3,
2020-06-16,1403.88,157.68,90.49,134.0,107.47,56.65,60.25,144.15,64.78,44.63,
2020-06-17,1405.0,155.88,89.6,133.36,105.52,57.53,58.9,142.66,64.5,42.4,
2020-06-18,1413.0,158.36,89.89,133.39,106.49,57.39,58.0,143.55,65.98,42.17,
2020-06-19,1439.84,165.57,91.89,137.82,108.29,58.2,61.4,147.12,70.3,43.77,
2020-06-22,1439.0,163.0,90.41,135.8,106.12,60.0,67.54,144.83,68.87,42.0,
2020-06-23,1474.5,167.98,93.28,138.5,109.75,65.0,70.33,151.0,72.7,43.41,
2020-06-24,1460.01,168.61,92.46,138.18,105.33,64.35,67.56,149.88,72.2,42.75,
2020-06-29,1463.17,167.5,90.88,143.77,104.5,70.79,69.06,150.0,71.94,42.8,
2020-06-30,1462.88,171.12,91.12,145.0,105.14,76.51,73.0,150.24,76.5,45.32,
2020-07-01,1494.27,181.98,100.23,151.26,110.92,84.16,72.9,163.2,80.36,45.16,
2020-07-02,1544.0,189.49,107.61,151.54,122.01,80.44,71.6,171.3,78.82,44.79,
2020-07-03,1541.79,188.72,110.1,147.55,124.13,73.95,69.93,163.86,78.54,44.66,
2020-07-06,1600.0,192.82,111.47,147.1,133.0,75.86,70.2,165.78,77.26,49.13,
2020-07-07,1688.0,201.89,114.85,152.05,134.9,77.99,70.41,170.89,79.63,50.05,
2020-07-08,1681.34,203.36,114.89,149.77,133.2,77.0,70.5,169.71,78.39,52.32,
2020-07-09,1706.0,203.72,119.5,151.2,134.01,78.04,70.2,172.25,78.0,52.15,
2020-07-10,1713.85,207.0,121.5,154.4,134.05,76.55,70.29,180.74,78.25,53.91,
2020-07-13,1781.99,218.2,124.91,163.96,137.99,77.43,72.13,198.81,80.85,55.0,
2020-07-14,1762.0,220.9,123.8,165.58,138.09,79.21,72.45,200.8,82.94,54.2,
2020-07-15,1752.53,223.95,127.88,173.98,143.4,79.59,74.4,213.8,86.6,53.93,
2020-07-16,1614.0,201.56,115.09,156.58,129.06,71.63,68.0,192.42,78.31,50.43,
2020-07-17,1648.05,205.39,114.01,156.55,128.43,67.87,69.13,194.0,81.51,52.01,
2020-07-20,1636.96,201.68,112.8,152.8,128.19,68.03,68.52,188.01,80.09,50.6,
2020-07-21,1668.0,205.58,115.03,158.97,133.46,70.51,69.9,196.7,81.77,51.49,
2020-07-22,1678.08,208.9,117.1,166.8,135.49,70.14,71.5,194.9,83.59,52.61,
2020-07-23,1676.0,210.07,120.0,169.5,135.3,69.06,71.9,193.8,85.04,54.47,
2020-07-24,1595.3,201.39,113.98,162.88,130.14,65.88,69.6,181.25,80.33,49.8,
2020-07-27,1622.55,204.1,115.05,163.86,134.5,66.0,69.6,180.6,80.48,48.7,
2020-07-28,1670.0,214.0,116.9,174.0,135.55,67.99,71.77,190.44,83.35,51.0,
2020-07-29,1672.0,214.98,118.19,174.0,135.2,68.3,72.33,197.54,84.05,51.77,
2020-07-30,1680.0,216.32,118.19,179.09,136.61,69.2,72.7,210.21,84.58,51.46,
2020-07-31,1678.18,217.5,117.98,180.34,135.05,68.69,72.82,212.9,83.0,54.4,
2020-08-03,1668.0,217.72,117.51,180.01,134.28,69.45,72.37,211.01,82.35,59.84,
2020-08-04,1669.99,215.8,117.1,178.58,134.61,67.24,71.9,209.92,81.03,60.0,
2020-08-05,1668.0,217.48,118.86,178.02,133.8,68.67,73.5,210.2,81.11,60.3,
2020-08-06,1637.96,211.02,114.73,170.15,131.19,66.44,71.51,208.42,78.8,60.25,
2020-08-07,1631.0,207.26,111.0,167.24,131.28,65.2,69.96,207.29,76.95,60.11,
2020-08-10,1633.99,205.94,111.9,166.87,130.34,66.18,68.83,207.0,76.83,60.19,
2020-08-11,1642.51,209.0,112.86,166.21,130.05,72.8,68.31,207.0,76.44,58.5,
2020-08-12,1626.95,206.47,110.9,161.34,127.39,66.65,67.8,203.07,74.7,55.72,
2020-08-13,1635.0,206.9,111.18,162.36,128.22,65.43,67.8,205.58,74.61,55.4,
2020-08-14,1661.0,212.9,117.59,166.9,130.83,69.88,69.45,219.22,74.9,57.34,
2020-08-17,1690.0,219.99,123.9,171.5,132.05,75.65,76.4,222.31,77.2,57.1,
2020-08-18,1705.0,220.57,125.66,172.52,130.9,75.56,83.3,228.9,79.45,60.65,
2020-08-19,1687.0,222.2,127.87,171.43,130.59,74.3,82.0,235.03,80.6,59.29,
2020-08-20,1664.0,216.44,125.36,167.06,127.52,72.53,81.0,222.52,77.39,59.85,
2020-08-21,1676.0,218.4,127.86,172.12,129.9,72.95,84.34,222.75,82.0,60.35,
2020-08-24,1696.35,225.0,128.06,177.79,131.96,73.5,84.34,235.0,82.0,60.65,
2020-08-25,1727.0,235.6,138.37,186.56,136.19,76.62,85.6,244.52,82.19,61.65,
2020-08-26,1727.0,236.65,138.2,188.1,132.29,75.55,88.58,251.39,82.59,60.36,
2020-08-27,1731.0,238.08,142.48,190.47,132.04,77.3,88.55,256.95,87.62,60.84,
2020-08-28,1757.0,240.5,151.49,193.38,141.63,85.03,90.14,270.11,91.0,62.03,
2020-08-31,1786.5,240.0,149.5,197.22,141.09,92.8,91.05,258.36,87.36,61.2,
2020-09-01,1801.98,236.24,147.77,195.0,139.6,93.0,91.78,249.52,86.3,60.81,
2020-09-02,1795.0,235.0,147.1,196.18,138.18,88.0,92.46,241.03,84.45,59.29,
2020-09-03,1793.0,238.64,150.51,198.01,148.06,89.89,91.29,245.04,85.34,57.97,
2020-09-04,1770.0,230.22,152.38,193.88,144.81,86.5,87.87,239.99,81.5,56.93,
2020-09-07,1723.5,226.89,152.0,190.25,143.75,87.66,85.0,232.99,78.4,54.71,
2020-09-08,1711.4,221.93,141.64,187.93,137.0,84.7,85.62,225.9,77.01,54.16,
2020-09-09,1688.0,217.0,138.41,188.08,132.85,82.5,83.29,221.55,74.98,50.78,
2020-09-10,1705.8,223.2,141.58,196.67,133.82,83.49,86.01,229.99,75.24,50.76,
2020-09-11,1733.0,227.88,146.0,210.02,136.2,89.76,89.3,237.7,76.77,51.4,
2020-09-14,1766.0,230.08,146.44,211.6,136.65,90.7,98.23,236.5,77.95,53.53,
2020-09-15,1760.0,230.33,146.21,209.85,137.26,91.29,98.55,233.94,78.85,56.06,
2020-09-16,1725.1,226.02,143.48,207.99,135.18,88.15,100.48,227.9,78.65,54.31,
2020-09-17,1670.52,222.65,140.0,197.79,131.95,84.58,99.89,224.77,75.9,52.6,
2020-09-18,1695.0,229.52,142.17,198.93,133.58,85.51,100.57,225.58,76.21,54.6,
2020-09-21,1666.8,224.9,140.5,198.29,131.78,84.1,100.51,220.87,74.92,54.39,
2020-09-22,1665.69,222.9,139.93,196.59,130.1,83.99,99.54,217.96,74.3,54.99,
2020-09-23,1649.98,219.32,139.64,198.31,129.21,84.15,102.5,222.21,74.15,55.79,
2020-09-24,1629.32,216.3,137.72,198.24,125.0,82.53,102.7,218.0,72.41,53.96,
2020-09-25,1635.11,217.2,138.88,196.94,125.86,81.0,104.21,217.22,73.51,59.36,
2020-09-28,1661.0,220.13,144.36,196.6,126.05,82.25,104.33,216.93,71.49,63.95,
2020-09-29,1652.3,219.73,144.0,196.68,125.27,81.66,104.09,212.0,72.08,62.92,
2020-09-30,1668.5,221.0,143.55,198.19,124.99,82.35,103.19,216.78,75.11,63.87,
2020-10-09,1696.0,227.57,145.6,199.74,126.14,86.68,102.86,220.85,74.62,64.46,
2020-10-12,1750.61,241.75,151.79,216.55,138.75,95.35,105.8,229.75,75.1,63.67,
2020-10-13,1739.0,242.27,152.45,219.3,151.2,99.63,106.0,225.61,76.49,64.0,
2020-10-14,1729.0,239.4,150.7,221.35,152.8,100.01,106.92,222.99,74.15,66.34,
2020-10-15,1725.0,238.91,151.7,221.72,152.0,102.29,106.95,219.0,76.0,66.7,
2020-10-16,1712.0,236.88,149.88,215.94,153.38,100.57,106.51,210.7,75.4,66.62,
2020-10-19,1699.0,236.18,150.0,208.24,152.0,100.28,103.0,206.94,74.53,64.74,
2020-10-20,1734.0,240.98,157.09,214.0,158.11,101.78,106.91,211.17,75.7,66.5,
2020-10-21,1733.33,241.77,157.9,213.15,158.26,102.99,103.92,209.3,77.9,64.3,
2020-10-22,1742.5,241.74,162.0,212.79,167.82,100.5,103.35,210.46,78.7,62.08,
2020-10-23,1715.33,236.63,155.6,208.0,163.42,95.42,99.87,207.13,80.97,63.38,
2020-10-26,1643.0,232.61,155.51,203.5,167.5,97.08,102.06,203.76,79.0,65.06,
2020-10-27,1625.0,233.5,155.9,208.77,167.79,101.33,103.69,209.86,79.59,67.12,
2020-10-28,1664.81,239.98,162.7,223.5,170.26,103.99,105.89,229.6,83.2,68.93,
2020-10-29,1676.0,250.0,178.97,230.6,168.32,103.39,106.69,227.36,87.5,68.1,
2020-10-30,1670.02,244.35,172.5,225.12,168.06,100.13,106.92,210.2,79.22,66.69,
2020-11-02,1674.01,245.7,177.9,229.58,175.16,100.39,105.92,212.39,80.11,67.59,
2020-11-03,1695.0,250.4,182.43,225.99,175.25,99.95,104.68,211.69,79.44,68.17,
2020-11-04,1699.58,253.0,183.54,231.48,176.1,100.0,106.17,211.31,80.55,69.03,
2020-11-05,1721.9,259.41,183.36,234.19,175.77,110.0,108.64,224.98,81.7,68.91,
2020-11-06,1700.62,259.3,182.8,234.74,174.06,112.02,107.0,222.5,80.61,68.9,
2020-11-09,1742.57,270.0,185.95,235.49,178.99,112.25,105.58,225.1,81.43,68.82,
2020-11-10,1745.0,272.8,189.45,249.8,181.8,112.19,107.05,235.95,83.9,73.67,
2020-11-11,1731.35,268.9,190.7,251.55,179.0,112.64,104.51,235.08,83.94,73.5,
2020-11-12,1734.79,267.65,192.11,255.0,179.87,112.86,106.53,239.21,86.55,75.64,
2020-11-13,1705.0,265.0,186.69,250.1,174.97,108.69,103.86,228.35,84.95,74.65,
2020-11-16,1730.05,273.0,197.97,273.21,179.85,113.96,103.2,231.97,86.62,75.44,
2020-11-17,1715.8,269.1,197.0,266.8,175.06,111.17,100.99,226.01,85.67,75.89,
2020-11-18,1693.65,263.72,191.5,258.98,178.53,109.98,101.62,218.38,84.77,76.08,
2020-11-19,1720.19,264.7,191.66,259.93,177.0,112.01,104.36,218.3,87.03,81.63,
2020-11-20,1719.96,268.47,194.15,269.0,177.9,114.32,108.3,218.94,91.15,84.56,
2020-11-23,1790.21,272.58,197.86,266.91,174.07,114.3,109.23,218.76,93.1,82.47,
2020-11-24,1763.5,271.79,198.77,265.77,186.46,114.89,113.2,215.2,94.0,84.3,
2020-11-25,1726.88,262.97,192.25,255.59,175.59,109.91,109.39,211.35,87.79,76.39,
2020-11-26,1734.39,260.58,192.75,255.15,176.25,108.28,108.22,213.05,87.93,75.32,
2020-11-27,1737.9,262.3,192.9,256.26,181.51,108.91,108.3,213.8,89.19,76.7,
2020-11-30,1713.91,254.0,183.33,240.68,178.0,106.62,105.0,211.2,91.0,76.55,
2020-12-01,1737.0,257.99,184.27,249.82,177.9,106.07,105.24,214.55,91.1,74.54,
2020-12-02,1738.01,260.55,183.91,249.43,179.0,106.0,104.39,213.98,90.98,71.96,
2020-12-03,1749.0,261.63,186.38,257.34,182.62,106.6,105.92,222.65,93.21,75.38,
2020-12-04,1793.11,267.19,190.8,262.94,196.88,115.1,116.51,226.0,96.23,78.86,
2020-12-07,1812.4,270.24,190.78,261.08,195.52,115.0,116.8,228.91,98.52,79.99,
2020-12-08,1850.0,272.0,191.85,265.1,197.19,115.75,117.03,229.01,98.2,79.9,
2020-12-09,1840.0,269.72,190.01,271.9,195.33,115.3,119.35,226.04,98.09,87.89,
2020-12-10,1832.9,267.67,190.7,279.58,200.5,115.62,117.74,229.61,98.68,90.6,
2020-12-11,1820.0,267.52,191.5,292.0,200.64,118.2,119.28,237.0,101.14,90.27,
2020-12-14,1829.0,273.15,197.95,295.61,201.0,119.13,122.0,259.2,107.52,92.19,
2020-12-15,1816.01,270.8,193.71,295.0,198.58,122.08,120.26,258.11,106.77,95.49,
2020-12-16,1840.0,274.33,198.22,300.0,204.15,124.05,119.82,264.48,107.05,96.32,
2020-12-17,1865.51,277.81,204.8,324.36,213.5,124.48,119.99,265.21,103.9,96.44,
2020-12-18,1845.0,276.86,204.63,330.34,212.18,129.72,116.99,268.3,101.0,97.4,
2020-12-21,1842.5,281.91,213.6,321.25,215.0,128.05,115.41,266.5,99.82,99.17,
2020-12-22,1881.0,282.38,215.1,327.86,223.38,130.2,116.57,269.6,100.6,99.18,
2020-12-23,1841.65,278.29,216.05,326.1,219.0,128.2,117.82,270.98,99.8,96.49,
2020-12-24,1830.34,275.32,214.0,318.61,218.7,125.43,113.58,272.23,97.92,95.83,
2020-12-25,1830.0,275.92,212.9,327.51,219.3,127.58,114.19,272.7,98.0,96.01,
2020-12-28,1873.0,285.95,224.83,358.3,227.0,140.34,115.4,278.5,98.1,99.34,
2020-12-29,1867.0,281.0,221.1,360.0,225.54,144.88,115.36,273.6,99.12,100.7,
2020-12-30,1933.0,286.88,224.9,363.88,232.0,153.99,117.37,273.0,99.66,101.68,
2020-12-31,1998.0,291.85,226.16,375.29,235.99,156.5,118.99,272.0,99.4,104.29,
2021-01-04,1997.0,298.05,240.85,373.63,246.98,172.15,120.59,279.66,102.48,113.61,
2021-01-05,2059.45,319.98,258.3,385.65,263.7,178.7,130.12,291.99,108.0,111.19,
2021-01-06,2100.0,328.3,262.3,395.0,256.6,177.94,130.74,285.5,108.95,110.46,
2021-01-07,2140.0,330.0,265.0,423.69,256.0,195.73,132.11,285.5,109.61,111.8,
2021-01-08,2090.0,317.0,255.47,411.99,242.47,193.0,131.98,271.77,106.5,110.5,
2021-01-11,2099.73,301.2,246.9,388.8,228.24,196.3,128.5,252.17,104.5,110.78,
2021-01-12,2160.9,310.0,262.3,398.76,229.42,215.93,128.99,254.95,104.48,110.52,
2021-01-13,2164.0,305.33,266.2,397.0,215.7,228.38,125.0,249.7,100.5,108.29,
2021-01-14,2134.0,289.4,257.98,389.2,211.0,205.54,121.25,239.5,96.97,104.8,
2021-01-15,2082.0,287.7,243.5,371.61,207.5,184.99,124.94,236.0,93.13,102.58,
2021-01-18,2063.0,284.55,232.01,373.5,200.18,176.7,124.2,233.3,91.95,112.84,
2021-01-19,2009.41,281.5,229.87,358.0,190.61,178.55,121.57,223.5,88.0,118.11,
2021-01-20,2040.63,284.85,229.0,361.0,190.8,181.0,129.49,227.79,90.67,114.59,
2021-01-21,2070.0,296.95,238.79,378.0,194.14,184.4,131.33,230.81,90.68,116.25,
2021-01-22,2079.95,295.56,239.09,374.56,192.83,179.39,139.7,232.99,93.44,114.8,
2021-01-25,2175.0,315.69,263.0,391.09,212.11,194.58,136.71,256.29,97.0,119.39,
2021-01-26,2141.89,305.78,263.29,367.5,219.0,185.72,133.58,248.09,96.16,118.45,
2021-01-27,2089.0,292.58,254.0,363.0,205.87,172.66,131.82,246.1,92.83,118.8,
2021-01-28,2088.0,286.0,250.0,358.0,202.46,173.6,131.03,251.0,88.52,116.46,
2021-01-29,2116.18,291.14,257.7,374.42,204.01,177.18,134.36,244.0,88.79,119.3,
2021-02-01,2109.32,292.29,255.25,377.2,201.66,178.73,128.88,239.58,94.51,118.05,
2021-02-02,2145.0,304.12,279.18,403.0,208.99,184.5,136.89,247.0,96.9,124.26,
2021-02-03,2189.91,308.75,279.0,404.04,204.0,185.92,137.07,241.4,97.0,133.0,
2021-02-04,2320.85,313.6,279.06,391.56,202.7,186.01,135.57,245.0,95.03,133.5,
2021-02-05,2313.0,319.76,287.79,396.0,210.72,185.0,140.87,250.8,97.74,132.73,
2021-02-08,2368.8,320.0,290.5,395.0,217.9,174.29,151.37,243.8,94.18,133.22,
2021-02-09,2456.43,329.5,298.1,403.22,220.05,180.66,154.21,242.32,97.06,134.64,
2021-02-10,2601.0,342.65,313.99,443.54,228.81,186.2,162.0,252.53,95.78,139.13,
2021-02-18,2471.0,333.5,292.4,456.0,218.04,174.68,157.27,254.33,91.93,133.5,
2021-02-19,2460.0,344.4,298.01,423.81,216.4,172.98,155.0,251.25,91.0,130.52,
2021-02-22,2288.02,313.06,271.37,381.43,197.88,155.68,144.12,235.1,89.2,117.47,
2021-02-23,2307.0,315.0,274.46,372.0,200.01,154.04,142.26,253.88,87.2,110.93,
2021-02-24,2189.0,293.08,247.01,346.55,198.5,141.68,139.19,241.54,84.28,105.97,
2021-02-25,2150.0,288.9,243.17,337.0,198.55,136.7,128.62,235.3,81.88,100.35,
2021-02-26,2122.78,280.0,235.21,313.1,189.0,138.2,120.74,234.28,79.63,97.37,
2021-03-01,2158.0,289.02,238.35,310.52,187.19,138.0,118.3,227.06,79.19,94.51,
2021-03-02,2058.0,280.7,226.99,308.82,181.48,135.13,115.98,216.33,78.07,95.0,
2021-03-03,2140.0,285.3,232.01,316.52,186.5,143.98,116.07,222.49,78.7,96.7,
2021-03-04,2033.0,266.31,214.5,301.72,179.65,134.88,109.07,217.0,75.97,94.8,
2021-03-05,2060.11,266.5,217.36,310.78,179.91,136.93,109.17,217.38,76.9,94.7,
2021-03-08,1960.0,244.5,195.62,279.7,166.7,127.99,98.26,196.56,76.14,87.6,
2021-03-09,1936.99,242.5,187.21,257.9,160.83,123.1,94.7,187.15,75.02,84.36,
2021-03-10,1970.01,252.6,195.89,283.69,164.2,130.25,96.0,188.51,74.75,90.49,
2021-03-11,2048.0,265.04,207.02,300.99,166.89,140.49,99.0,192.25,78.46,92.7,
2021-03-12,2026.0,264.45,210.69,312.8,165.58,140.2,95.79,191.99,77.0,92.12,
2021-03-15,1975.45,251.01,196.0,285.66,157.87,129.99,91.0,188.31,74.12,89.79,
2021-03-16,2010.5,262.41,200.99,302.03,162.9,133.77,93.57,186.37,75.16,93.15,
2021-03-17,2030.36,264.31,210.05,306.85,161.66,135.7,97.79,190.34,78.2,94.3,
2021-03-18,2069.7,270.39,219.0,322.11,167.15,146.51,101.71,192.61,80.75,103.73,
2021-03-19,2010.0,260.79,214.51,313.0,159.71,143.09,102.57,187.35,79.72,98.3,
2021-03-22,1989.99,259.5,216.19,315.8,160.6,139.8,102.82,189.5,78.81,96.62,
2021-03-23,1996.0,262.25,219.9,314.91,160.66,139.8,101.42,191.68,79.8,99.41,
2021-03-24,1989.0,260.8,214.89,318.0,157.75,139.26,100.69,199.06,78.95,99.1,
2021-03-25,1971.0,255.98,210.7,318.8,160.0,138.41,102.02,198.0,79.95,99.12,
2021-03-26,2013.0,265.95,224.91,335.56,163.19,144.77,106.71,202.0,81.5,100.83,
2021-03-29,2034.1,272.09,224.48,342.39,164.89,158.17,111.37,218.0,83.8,105.99,
2021-03-30,2056.05,273.46,228.9,342.35,166.0,156.57,111.7,215.76,83.8,106.22,
2021-03-31,2009.0,267.98,225.02,332.8,164.7,152.16,111.29,210.17,84.64,109.0,
2021-04-01,2044.5,273.08,232.64,342.88,171.63,158.05,114.08,222.0,84.43,115.05,
2021-04-02,2162.0,284.56,247.9,368.29,174.1,173.86,117.58,228.9,84.43,115.0,
2021-04-06,2126.03,284.76,243.9,368.1,166.41,177.23,115.42,231.24,83.95,112.42,
2021-04-07,2061.0,270.85,229.0,346.05,159.16,167.19,113.29,215.3,82.64,113.58,
2021-04-08,2070.0,273.08,233.2,365.0,160.0,178.3,116.11,223.24,85.67,116.36,
2021-04-09,2020.0,265.3,223.87,348.0,155.92,171.25,116.29,222.5,86.0,111.1,
2021-04-12,2008.89,260.99,225.5,350.7,153.56,169.25,114.15,225.77,85.51,103.14,
2021-04-13,2021.0,262.9,233.9,346.0,151.0,170.53,118.74,226.39,87.01,107.53,
2021-04-14,2047.0,263.78,233.74,353.02,153.01,174.97,122.69,231.0,88.36,109.58,
2021-04-15,2015.6,255.8,231.67,351.99,150.46,173.95,123.69,229.17,86.95,111.19,
2021-04-16,2054.98,261.8,236.71,351.0,159.7,176.47,122.61,234.97,87.9,113.0,
2021-04-19,2088.0,265.67,239.14,354.52,161.19,175.4,122.95,244.05,88.09,113.55,
2021-04-20,2094.8,267.75,239.54,359.15,163.0,183.2,126.62,253.5,90.0,115.46,
2021-04-21,2080.0,270.85,244.6,382.24,165.58,188.9,131.63,263.5,93.28,118.1,
2021-04-22,2055.5,271.19,240.38,388.0,168.89,191.91,134.35,259.2,94.3,116.5,
2021-04-23,2108.94,280.0,249.61,390.49,171.55,192.52,139.26,254.03,92.6,118.7,
2021-04-26,2077.82,275.0,247.45,391.48,169.51,192.71,127.44,247.5,92.0,121.47,
2021-04-27,2094.44,281.82,251.0,406.28,171.22,194.2,132.4,245.18,92.82,124.12,
2021-04-28,2042.0,285.6,261.0,429.05,174.0,203.0,141.55,250.45,92.91,125.26,
2021-04-29,2026.36,289.5,262.98,416.0,191.4,197.91,149.98,252.59,92.51,125.48,
2021-04-30,2006.78,285.0,255.58,410.25,192.5,198.72,157.38,227.33,91.01,124.52,
2021-05-06,1959.0,276.44,239.88,406.36,183.3,196.64,153.47,204.64,90.45,116.5,
2021-05-07,1903.0,272.1,237.4,401.22,186.1,187.89,153.2,206.45,91.2,118.01,
2021-05-10,1879.03,264.0,226.03,396.0,185.6,190.8,150.87,201.99,92.99,118.5,
2021-05-11,1959.0,275.45,236.87,407.79,187.0,203.11,151.87,208.16,94.4,118.4,
2021-05-12,1984.0,277.51,243.3,424.5,183.48,217.0,151.02,209.91,94.6,123.14,
2021-05-13,1971.5,276.0,243.11,425.06,185.79,218.44,158.2,213.99,99.36,123.24,
2021-05-14,2009.85,287.0,247.8,434.66,185.72,219.28,170.55,217.86,101.89,125.63,
2021-05-17,2057.96,297.19,257.81,443.27,188.44,223.0,170.0,219.4,101.9,135.0,
2021-05-18,2059.31,299.5,257.9,445.0,186.0,228.16,176.08,216.5,103.0,135.3,
2021-05-19,2049.0,302.79,258.03,438.67,181.0,219.0,168.35,216.23,100.09,133.95,11.75
2021-05-20,2058.88,303.51,259.5,452.7,186.51,238.0,171.65,222.0,101.41,134.5,11.15
2021-05-21,2042.1,296.6,257.5,448.0,197.11,233.85,171.25,222.06,101.81,132.8,10.08
2021-05-24,2071.29,305.01,264.77,447.22,206.4,235.88,171.55,244.27,104.53,134.39,10.06
2021-05-25,2194.5,323.03,284.05,458.65,212.0,238.5,173.18,248.0,105.0,133.74,9.76
2021-05-26,2220.0,319.0,275.89,449.0,211.64,236.0,171.25,246.14,104.26,125.75,9.78
2021-05-27,2245.0,318.18,275.8,443.5,218.58,238.99,174.93,245.24,103.7,128.0,10.11
2021-05-28,2230.0,316.9,274.49,452.4,218.12,238.45,173.1,242.9,104.87,127.82,9.7
2021-05-31,2218.0,315.12,274.95,462.87,217.8,246.6,172.85,244.9,104.94,123.4,9.08
2021-06-01,2240.95,315.7,277.71,459.98,233.55,239.29,170.85,248.65,101.76,120.0,9.17
2021-06-02,2222.0,311.84,274.8,454.5,222.87,230.08,171.47,243.66,102.04,116.08,9.22
2021-06-03,2222.22,313.61,276.99,471.81,225.32,241.0,170.23,243.88,100.4,117.21,9.19
2021-06-04,2251.5,315.3,279.6,479.2,229.95,252.8,171.25,248.75,102.85,119.98,9.04
2021-06-07,2271.0,312.91,283.22,498.89,232.06,259.91,178.0,254.8,111.1,124.39,8.96
2021-06-08,2191.0,297.95,262.02,462.36,218.8,233.92,169.5,230.03,110.19,82.49,9.09
2021-06-09,2199.5,296.5,262.2,466.0,228.1,225.97,172.49,235.97,110.85,81.06,9.17
2021-06-10,2238.48,303.05,266.71,487.31,234.75,233.68,174.59,232.45,109.57,80.03,9.1
2021-06-11,2178.81,301.57,258.25,470.25,211.28,238.0,171.97,228.0,107.58,80.65,8.99
2021-06-15,2193.0,299.26,249.86,486.0,204.0,249.98,171.55,233.17,108.17,83.71,8.61
2021-06-16,2158.0,292.32,242.58,480.98,204.0,250.54,169.59,229.74,105.0,82.27,8.65
2021-06-17,2156.91,294.22,242.45,497.21,204.76,268.44,181.91,234.9,107.88,86.75,8.7
2021-06-18,2090.94,291.0,232.8,489.06,199.84,269.72,185.26,233.0,109.03,89.82,8.7
2021-06-21,2081.64,296.87,236.5,471.3,195.6,257.14,182.74,228.1,106.3,89.07,9.12
2021-06-22,2074.97,299.89,232.02,474.0,199.3,272.73,182.4,230.8,108.3,92.32,9.22
2021-06-23,2038.0,290.94,225.98,434.04,194.82,257.98,180.0,218.28,107.69,88.0,9.29
2021-06-24,2068.05,292.7,231.0,443.6,203.07,249.12,180.5,216.12,105.3,87.21,9.04
2021-06-25,2092.0,299.92,234.93,446.71,213.12,257.49,188.1,222.17,110.68,88.43,8.96
2021-06-28,2103.01,306.31,235.5,446.12,216.0,258.79,194.71,221.98,112.25,88.82,8.98
2021-06-29,2062.0,298.55,228.15,448.7,206.5,253.0,198.61,222.66,115.81,86.68,8.78
2021-06-30,2056.7,297.89,235.94,448.0,207.2,255.6,197.95,239.5,115.65,94.79,8.8
2021-07-01,2105.0,298.2,236.0,462.0,206.23,262.0,197.2,243.28,115.0,88.5,8.65
2021-07-02,2013.0,286.03,226.6,433.88,201.47,247.0,199.96,229.5,108.7,83.77,8.65
2021-07-05,1994.0,281.1,223.0,328.76,200.34,256.6,197.0,235.1,109.09,83.56,9.05
2021-07-06,2012.9,277.25,225.51,321.0,207.04,251.1,194.16,235.7,106.11,80.9,8.92
2021-07-07,2004.0,284.59,227.65,327.99,202.39,262.16,198.65,239.08,106.48,83.53,9.0
2021-07-08,1985.0,269.84,220.7,339.0,198.18,256.9,188.0,234.83,99.48,80.68,8.98
2021-07-09,1972.11,267.28,216.51,316.7,185.1,236.0,184.2,222.99,96.65,77.61,8.94
2021-07-12,1961.0,270.95,223.8,311.0,192.0,236.09,183.01,242.08,97.34,78.73,9.03
2021-07-13,1982.9,276.0,224.36,341.2,193.8,244.0,190.0,238.0,99.99,82.4,9.39
2021-07-14,1962.0,275.3,225.62,355.53,194.0,242.22,197.5,232.06,98.14,83.03,9.32
2021-07-15,1997.99,280.83,228.11,374.15,195.85,253.9,203.31,233.65,101.61,87.97,9.55
2021-07-16,1955.9,277.52,222.2,370.11,206.41,244.6,199.1,227.91,98.41,84.46,9.7
2021-07-19,1975.0,280.89,228.48,373.8,206.54,244.8,197.8,227.5,99.75,85.33,9.39
2021-07-20,1980.0,282.3,226.04,371.5,206.1,244.94,197.48,226.99,101.8,85.42,9.73
2021-07-21,1969.0,281.22,222.72,367.9,205.9,247.2,205.03,245.5,101.78,85.18,9.7
2021-07-22,1940.01,280.1,216.55,359.68,200.68,243.58,202.59,231.25,99.34,82.88,9.78
2021-07-23,1900.0,271.21,216.5,354.77,196.68,239.5,193.91,221.0,97.08,79.49,9.55
2021-07-26,1804.11,249.54,199.68,320.0,182.49,215.55,174.52,204.93,92.72,74.86,9.36
2021-07-27,1712.89,231.15,190.0,321.36,176.96,211.5,159.68,199.5,90.07,68.98,9.8
2021-07-28,1768.9,236.68,191.29,321.85,173.37,212.5,167.37,197.0,90.44,72.51,10.08
2021-07-29,1749.79,235.05,185.35,315.0,171.0,208.05,171.68,198.33,88.0,74.8,10.65
2021-07-30,1678.99,220.75,171.1,286.0,162.99,191.87,154.51,185.89,80.28,69.53,10.62
2021-08-02,1755.0,234.45,180.89,311.03,172.3,211.06,163.42,190.8,83.68,74.49,10.93
2021-08-03,1749.3,240.05,187.85,313.68,173.9,212.2,164.3,194.22,86.9,76.99,10.33
2021-08-04,1724.0,234.5,180.73,309.0,173.27,208.03,165.66,188.66,84.53,76.02,11.22
2021-08-05,1699.0,227.17,176.62,309.25,172.0,206.0,170.0,181.55,83.96,77.35,11.07
2021-08-06,1671.0,226.0,178.54,308.88,170.08,210.84,164.52,180.4,82.08,76.35,10.94
2021-08-09,1693.8,230.01,179.7,309.99,171.29,212.74,176.8,181.71,87.2,83.99,10.73
2021-08-10,1799.0,248.9,194.69,332.49,178.26,228.9,187.83,198.18,89.69,87.68,10.74
2021-08-11,1750.5,246.2,190.2,324.2,174.54,226.09,176.4,197.93,87.19,85.72,10.67
2021-08-12,1690.0,237.92,186.53,321.0,172.11,225.55,176.8,199.04,86.55,82.78,10.92
2021-08-13,1700.04,240.8,188.9,322.7,172.64,225.51,174.0,204.29,86.98,82.54,10.62
2021-08-16,1699.2,240.7,188.48,327.6,172.5,223.96,179.0,208.3,88.67,81.85,10.62
2021-08-17,1635.0,229.95,179.38,304.61,165.58,211.6,165.96,197.99,86.88,78.12,10.49
2021-08-18,1620.0,229.0,179.55,304.45,170.57,212.19,173.19,201.66,95.57,78.36,10.11
2021-08-19,1619.97,222.65,176.82,299.11,169.97,209.15,155.87,198.0,90.3,78.85,10.07
2021-08-20,1548.0,206.38,161.38,272.04,158.92,188.25,140.28,190.5,85.48,74.69,10.24
2021-08-23,1570.19,206.04,167.67,270.2,167.2,188.58,136.18,199.55,86.7,75.16,10.91
2021-08-24,1625.18,210.0,174.1,278.1,169.65,202.1,146.17,199.41,89.7,78.1,10.67
2021-08-25,1665.02,217.5,176.15,284.55,173.46,217.96,146.21,207.25,89.12,77.59,11.17
2021-08-26,1595.0,207.17,170.03,275.8,170.0,208.53,140.5,204.59,89.69,74.87,10.81
2021-08-27,1596.03,205.68,169.38,281.0,169.1,213.0,143.0,198.32,87.95,74.08,10.67
2021-08-30,1586.0,207.0,177.15,279.97,169.4,217.91,138.76,211.76,84.55,73.28,10.77
2021-08-31,1558.0,201.69,170.0,277.52,167.54,209.48,140.15,212.0,86.32,71.67,10.31
2021-09-01,1622.01,207.71,182.18,278.99,171.0,214.82,139.3,221.2,87.09,75.18,10.33
2021-09-02,1618.8,201.23,179.11,268.02,169.16,208.35,136.0,219.98,86.03,70.81,12.39
2021-09-03,1658.22,205.89,184.3,267.14,166.32,208.78,132.6,220.16,86.16,71.24,12.1
2021-09-06,1670.67,211.46,187.0,280.77,171.86,225.13,142.55,226.43,90.2,69.98,11.77
2021-09-07,1669.0,211.97,186.96,285.18,171.67,235.0,143.43,227.85,89.69,71.0,11.99
2021-09-08,1633.1,207.72,181.91,275.46,167.88,231.66,137.97,227.03,88.5,66.86,12.03
2021-09-09,1634.08,207.33,181.41,275.4,166.48,234.42,137.01,230.0,88.0,67.05,11.61
2021-09-10,1662.58,213.7,187.39,289.7,171.06,239.61,139.5,229.85,87.6,64.54,11.71
2021-09-13,1654.0,207.79,184.93,293.22,172.7,237.04,134.67,224.82,86.51,63.55,11.85
2021-09-14,1657.0,205.73,181.52,299.59,172.2,235.95,134.18,220.58,85.77,62.94,11.75
2021-09-15,1615.74,198.5,172.87,289.98,167.27,233.3,128.3,218.5,82.4,61.69,12.92
2021-09-16,1638.07,197.0,174.2,297.25,172.99,231.33,124.52,213.0,80.5,61.75,12.31
2021-09-17,1686.0,201.95,181.99,316.86,177.0,254.46,134.15,217.98,81.94,63.47,13.25
2021-09-22,1637.69,193.93,174.42,311.0,167.75,251.0,133.07,204.95,79.2,61.88,13.86
2021-09-23,1635.0,194.42,177.12,311.91,164.51,257.6,130.13,207.65,78.98,64.17,12.89
2021-09-24,1694.0,200.52,186.4,321.71,164.01,259.9,130.71,218.0,79.05,65.37,12.77
2021-09-27,1855.0,220.57,205.04,324.9,172.67,263.0,138.44,239.8,83.23,70.09,12.13
2021-09-28,1822.06,216.94,213.03,317.0,166.89,257.1,134.28,242.98,81.9,70.7,12.49
2021-09-29,1820.0,218.68,211.5,318.0,165.79,250.5,131.0,238.5,80.2,69.0,12.05
2021-09-30,1830.0,219.39,221.58,315.5,166.08,247.73,131.23,238.52,80.53,74.49,12.41
2021-10-08,1839.6,228.22,225.33,325.0,178.23,255.1,136.3,244.9,83.8,71.48,11.41
2021-10-11,1867.12,227.8,224.5,317.6,180.5,250.4,134.0,245.63,83.3,65.82,11.23
2021-10-12,1870.99,229.34,225.15,319.0,182.1,242.0,133.67,242.88,82.85,65.3,11.24
2021-10-13,1929.9,239.49,238.28,333.8,188.21,250.1,137.5,247.27,86.99,67.56,11.27
2021-10-14,1911.0,240.0,238.89,340.45,186.05,253.99,141.35,239.92,85.0,65.11,11.65
2021-10-15,1916.97,234.32,234.69,346.8,184.24,250.59,137.83,234.8,84.1,65.83,11.46
2021-10-18,1800.0,215.32,224.92,312.12,171.6,225.53,132.52,223.8,80.3,63.91,11.83
2021-10-19,1812.18,218.97,231.37,329.99,176.86,231.0,129.17,236.0,80.76,64.9,11.79
2021-10-20,1841.0,219.94,232.13,329.8,179.66,235.96,126.96,236.18,79.32,63.37,12.11
2021-10-21,1844.0,220.99,231.9,326.62,180.49,233.41,124.91,235.98,78.39,65.18,11.78
2021-10-22,1901.0,225.03,231.91,328.13,182.5,233.47,128.38,236.0,80.05,64.86,11.5
2021-10-25,1873.03,220.36,230.6,323.61,181.2,231.55,135.87,234.8,83.51,64.64,12.53
2021-10-26,1861.05,220.66,232.9,319.89,180.44,229.25,142.28,234.1,91.86,63.3,12.51
2021-10-27,1819.0,216.0,225.13,310.4,179.39,223.6,135.8,227.8,92.0,60.0,12.67
2021-10-28,1825.49,215.29,227.29,307.1,186.15,217.91,136.77,224.15,94.8,62.13,12.86
2021-10-29,1826.08,216.51,228.95,301.5,186.18,214.91,150.45,227.65,104.28,63.6,12.77
2021-11-01,1803.0,204.94,231.2,286.7,186.1,210.89,158.1,234.1,94.63,64.97,13.0
2021-11-02,1804.64,201.32,224.0,285.9,179.5,206.9,162.61,227.99,98.07,67.73,13.0
2021-11-03,1765.0,199.13,223.01,282.1,174.94,209.0,161.0,222.55,97.35,67.01,13.13
2021-11-04,1804.2,206.82,234.77,293.32,186.68,213.4,162.44,244.81,99.19,68.37,15.02
2021-11-05,1819.94,210.31,229.7,295.28,185.5,213.18,159.21,241.46,97.66,68.45,14.34
2021-11-08,1820.1,210.99,231.5,299.9,180.61,212.1,157.04,243.0,96.52,67.07,14.02
2021-11-09,1790.01,208.77,226.97,302.01,179.2,210.4,154.19,240.26,95.66,64.46,14.02
2021-11-10,1753.99,205.7,219.05,297.9,175.92,208.12,152.0,235.53,93.7,60.95,13.89
2021-11-11,1769.6,206.51,218.8,295.0,177.0,207.0,152.0,234.55,92.81,61.81,13.46
2021-11-12,1773.78,203.85,210.0,291.89,174.37,203.65,154.89,232.75,93.71,63.0,13.93
2021-11-15,1761.14,204.7,211.46,296.25,175.14,202.98,159.9,229.12,97.59,62.06,13.48
2021-11-16,1808.0,212.0,221.8,310.7,177.75,209.4,163.1,252.03,97.88,63.94,13.41
2021-11-17,1795.0,211.51,222.63,309.95,175.8,205.3,163.0,249.58,97.61,62.0,14.33
2021-11-18,1792.0,208.62,223.15,311.12,174.6,205.08,161.5,260.98,98.43,61.5,14.23
2021-11-19,1828.41,212.6,230.53,311.7,175.08,206.22,164.0,260.97,98.52,60.72,14.59
2021-11-22,1854.27,215.97,227.48,310.2,178.96,211.01,155.33,263.01,96.8,60.11,14.49
2021-11-23,1896.43,214.8,226.05,308.17,173.47,215.99,152.35,261.7,99.94,60.93,13.99
2021-11-24,1941.0,224.42,234.95,318.01,176.53,221.2,152.97,263.3,102.5,61.26,14.44
2021-11-25,1956.03,222.95,234.94,315.18,175.1,219.69,152.07,260.86,103.8,60.76,14.45
2021-11-26,1941.01,222.86,233.68,315.0,176.01,225.85,149.55,255.98,102.3,59.9,14.68
2021-11-29,1985.0,224.73,235.5,315.1,175.85,234.98,145.59,255.21,100.9,59.8,14.26
2021-11-30,1930.77,218.0,230.05,310.02,174.3,224.58,144.59,253.67,98.77,58.32,13.88
2021-12-01,1932.99,220.56,232.11,312.42,173.57,229.8,148.92,255.0,98.6,57.1,13.4
2021-12-02,1934.0,222.75,237.18,314.98,174.48,237.79,147.22,256.1,97.27,56.63,13.2
2021-12-03,1971.88,229.45,252.3,324.51,176.91,243.15,150.5,264.0,100.79,57.29,13.42
2021-12-06,1967.3,232.3,244.38,321.0,175.75,243.65,150.38,259.9,101.1,61.2,13.21
2021-12-07,1955.87,234.0,246.47,318.7,172.2,241.3,154.39,258.32,102.41,61.1,13.28
2021-12-08,2043.0,244.0,252.87,330.84,185.97,241.39,157.91,268.54,105.7,62.02,13.37
2021-12-09,2086.55,251.0,253.3,334.0,186.4,241.1,164.85,268.55,105.87,68.22,13.17
2021-12-10,2090.0,247.0,252.17,334.11,185.06,244.72,162.88,265.92,105.94,68.56,13.19
2021-12-13,2118.2,249.98,254.43,339.67,188.7,238.83,159.25,263.6,105.2,67.57,13.34
2021-12-14,2150.0,250.0,260.4,340.93,186.42,238.95,160.31,274.0,103.77,66.45,13.45
2021-12-15,2135.0,243.8,261.22,335.0,181.6,235.96,156.8,269.72,101.87,64.5,13.36
2021-12-16,2118.99,243.5,257.88,313.0,180.67,230.91,156.8,271.0,101.77,63.41,13.39
2021-12-17,2050.7,235.16,248.51,304.3,174.81,227.38,154.04,263.88,99.7,62.0,13.32
2021-12-20,2058.96,236.0,247.65,310.9,174.5,227.48,150.37,260.9,99.05,61.12,11.87
2021-12-21,2038.2,231.65,248.0,303.84,174.3,222.6,154.02,260.87,102.27,62.1,12.03
2021-12-22,2048.0,232.12,252.28,299.01,174.0,223.03,157.72,265.5,102.05,61.72,12.0
2021-12-23,2120.0,237.01,263.0,306.08,174.08,229.0,156.46,264.16,101.44,64.15,12.32
2021-12-24,2194.09,241.94,261.2,307.45,174.54,228.47,157.06,262.51,105.09,63.72,11.91
2021-12-27,2131.82,236.21,261.19,321.41,171.56,231.81,153.11,252.6,102.15,65.28,11.85
2021-12-28,2138.18,237.58,260.8,326.0,173.7,232.8,158.82,267.0,104.0,64.8,11.96
2021-12-29,2041.0,225.7,243.0,315.53,168.4,216.2,158.4,247.51,100.5,61.77,11.81
2021-12-30,2075.0,225.5,254.0,320.38,167.87,214.45,156.0,248.01,100.51,62.07,11.61
2021-12-31,2050.0,222.66,253.87,315.78,164.73,212.5,151.32,244.0,99.0,59.83,11.85
2022-01-04,2051.23,223.56,250.64,310.5,164.7,209.8,144.6,236.06,99.66,59.59,11.83
2022-01-05,2024.0,223.75,247.87,305.01,166.65,206.6,140.48,231.56,101.0,58.8,11.42
2022-01-06,1982.22,219.48,241.75,301.8,164.48,208.5,138.35,234.97,97.87,57.76,11.33
2022-01-07,1942.0,217.66,236.68,295.0,164.68,197.92,131.5,228.42,96.7,55.47,10.92
2022-01-10,1966.0,214.96,237.2,288.4,164.15,191.99,131.0,228.26,95.14,53.66,10.94
2022-01-11,1940.55,213.36,231.0,290.0,161.3,191.0,126.38,222.52,89.92,51.26,10.79
2022-01-12,1967.0,217.92,230.16,285.23,161.43,192.99,129.5,222.92,90.74,51.7,11.04
2022-01-13,1877.39,208.9,224.0,280.88,156.8,182.58,129.1,212.66,89.23,49.51,10.87
2022-01-14,1867.0,207.2,227.15,275.9,154.1,180.41,127.0,208.29,90.23,48.36,10.9
2022-01-17,1861.61,208.84,229.68,279.37,155.12,180.05,128.45,209.0,89.18,48.51,10.96
2022-01-18,1892.27,211.49,235.72,283.28,159.98,184.9,130.82,208.87,89.45,48.09,11.15
